--
-- PostgreSQL database dump
--

\restrict aGWE8WDoffeIWtUbszqFf9mtPdONfYoZVZgdMTGDiFUT4g8OpjTktiH3tmWa5In

-- Dumped from database version 16.9 (165f042)
-- Dumped by pg_dump version 18.0

SET statement_timeout = 0;
SET lock_timeout = 0;
SET idle_in_transaction_session_timeout = 0;
SET transaction_timeout = 0;
SET client_encoding = 'UTF8';
SET standard_conforming_strings = on;
SELECT pg_catalog.set_config('search_path', '', false);
SET check_function_bodies = false;
SET xmloption = content;
SET client_min_messages = warning;
SET row_security = off;

--
-- Data for Name: Chat; Type: TABLE DATA; Schema: public; Owner: neondb_owner
--

INSERT INTO public."Chat" VALUES ('cmc07kzz00000cu3zjqqszzdocmc085atz0000ky3zvumjrcrj', false, NULL, '2025-06-17 07:51:51.478', NULL);
INSERT INTO public."Chat" VALUES ('cmc07kzz00000cu3zjqqszzdocmc092y76000pky3z6thhhxf0', false, NULL, '2025-06-17 12:05:41.951', NULL);
INSERT INTO public."Chat" VALUES ('cmc0k9i6x0006hk3hs00h48vi', true, 'hello', '2025-06-17 13:30:33.91', 'http://res.cloudinary.com/ashishrana/image/upload/v1750167231/public/avatar-1750167231245-851677680.jpg');
INSERT INTO public."Chat" VALUES ('cmc07kzz00000cu3zjqqszzdocmc0fe61q0000hj3hwylb3noo', false, NULL, '2025-06-18 14:05:54.671', NULL);
INSERT INTO public."Chat" VALUES ('cmc61vlmy0002j33h2zs706p4cmc61wz7d0003j33h317fjfty', false, NULL, '2025-06-21 09:43:56.957', NULL);
INSERT INTO public."Chat" VALUES ('cmc092y76000pky3z6thhhxf0cmc61vlmy0002j33h2zs706p4', false, NULL, '2025-06-21 09:46:20.937', NULL);
INSERT INTO public."Chat" VALUES ('cmc085atz0000ky3zvumjrcrjcmc61vlmy0002j33h2zs706p4', false, NULL, '2025-06-21 09:46:32.761', NULL);
INSERT INTO public."Chat" VALUES ('cmc61vlmy0002j33h2zs706p4cmc62xhs7000kj33hkv42sbeu', false, NULL, '2025-06-21 10:12:38.168', NULL);
INSERT INTO public."Chat" VALUES ('cmc633bll000tj33h1lla3bhk', true, 'gg', '2025-06-21 10:16:29.023', 'https://png.pngtree.com/png-clipart/20190620/original/pngtree-vector-leader-of-group-icon-png-image_4022100.jpg');
INSERT INTO public."Chat" VALUES ('cmc07kzz00000cu3zjqqszzdocmc61vlmy0002j33h2zs706p4', false, NULL, '2025-06-24 16:23:32.262', NULL);
INSERT INTO public."Chat" VALUES ('cmc61wz7d0003j33h317fjftycmcg1ltun0002i63hvbazvkg3', false, NULL, '2025-06-28 09:33:07.93', NULL);
INSERT INTO public."Chat" VALUES ('cmc62xhs7000kj33hkv42sbeucmcg1wg410007i63h1glykk7k', false, NULL, '2025-06-28 09:41:44.316', NULL);
INSERT INTO public."Chat" VALUES ('cmcg1i6os0000i63h6sef8g7scmcg2au8b000bi63hdk39xlpb', false, NULL, '2025-06-28 09:52:47.499', NULL);
INSERT INTO public."Chat" VALUES ('cmcg29gzg000ai63hn2nsladbcmcg2y1wt000ii63hrsf7ejc2', false, NULL, '2025-06-28 10:10:31.974', NULL);
INSERT INTO public."Chat" VALUES ('cmcg1i6os0000i63h6sef8g7scmcg33ce5000ni63h3fc7yr9p', false, NULL, '2025-06-28 10:15:39.105', NULL);
INSERT INTO public."Chat" VALUES ('cmcg33ce5000ni63h3fc7yr9pcmcg3apex000ui63hagxcxcy4', false, NULL, '2025-06-28 10:20:35.675', NULL);
INSERT INTO public."Chat" VALUES ('cmc61wz7d0003j33h317fjftycmcg3coos0011i63hxel9kki0', false, NULL, '2025-06-28 10:22:20.674', NULL);
INSERT INTO public."Chat" VALUES ('cmc61wz7d0003j33h317fjftycmcg3fjcv0016i63h09ku2plo', false, NULL, '2025-06-28 10:24:47.358', NULL);
INSERT INTO public."Chat" VALUES ('cmcg4k6x2001ei63hmrgovqvq', true, 'vissa thevidiya', '2025-06-28 10:55:17.482', 'https://png.pngtree.com/png-clipart/20190620/original/pngtree-vector-leader-of-group-icon-png-image_4022100.jpg');
INSERT INTO public."Chat" VALUES ('cmcg29gzg000ai63hn2nsladbcmcg4ocnk001mi63hylruuu8r', false, NULL, '2025-06-28 10:59:16.019', NULL);
INSERT INTO public."Chat" VALUES ('cmc092y76000pky3z6thhhxf0cmcg4vgst001si63hxvqh3ru1', false, NULL, '2025-06-28 11:05:02.139', NULL);
INSERT INTO public."Chat" VALUES ('cmcg2au8b000bi63hdk39xlpbcmcg4vgst001si63hxvqh3ru1', false, NULL, '2025-06-28 11:05:51.765', NULL);
INSERT INTO public."Chat" VALUES ('cmcg4vgst001si63hxvqh3ru1cmcg4vhzn001ti63he9xj7320', false, NULL, '2025-06-28 11:06:20.823', NULL);
INSERT INTO public."Chat" VALUES ('cmc62xhs7000kj33hkv42sbeucmcg4vgst001si63hxvqh3ru1', false, NULL, '2025-06-28 11:06:30.584', NULL);
INSERT INTO public."Chat" VALUES ('cmcg4ihld001di63hbfr9bnwycmcg4yerv0026i63he8zdogcz', false, NULL, '2025-06-28 11:07:51.382', NULL);
INSERT INTO public."Chat" VALUES ('cmcg50mpp002hi63hi2vm1mvq', true, 'Rana ji ka pariwar', '2025-06-28 11:08:04.477', 'https://png.pngtree.com/png-clipart/20190620/original/pngtree-vector-leader-of-group-icon-png-image_4022100.jpg');
INSERT INTO public."Chat" VALUES ('cmcg1ltun0002i63hvbazvkg3cmcg6z6ff0032i63hv46h6rtp', false, NULL, '2025-06-28 12:03:45.392', NULL);
INSERT INTO public."Chat" VALUES ('cmcg1j3qc0001i63h1dq0gm3qcmcg8g8iy003ci63hvns8bd96', false, NULL, '2025-06-28 12:49:12.233', NULL);
INSERT INTO public."Chat" VALUES ('cmc61wz7d0003j33h317fjftycmcg7xh38003ai63hkd1vl3km', false, NULL, '2025-06-28 13:13:06.537', NULL);
INSERT INTO public."Chat" VALUES ('cmcgb01e60044i63hyaizefu7cmcgb1rff0045i63hq46373m7', false, NULL, '2025-06-28 13:59:00.095', NULL);
INSERT INTO public."Chat" VALUES ('cmcgb01e60044i63hyaizefu7cmcgbtxbf004mi63hae2qsqzn', false, NULL, '2025-06-28 14:19:24.659', NULL);
INSERT INTO public."Chat" VALUES ('cmcg7di760037i63hk42dyklhcmcgbv2wk004pi63h9a780lw6', false, NULL, '2025-06-28 14:20:03.512', NULL);
INSERT INTO public."Chat" VALUES ('cmc092y76000pky3z6thhhxf0cmcgg3qow004vi63hd0sfhp9t', false, NULL, '2025-06-28 16:19:48.496', NULL);
INSERT INTO public."Chat" VALUES ('cmc61wz7d0003j33h317fjftycmcgg3qow004vi63hd0sfhp9t', false, NULL, '2025-06-28 16:20:19.243', NULL);
INSERT INTO public."Chat" VALUES ('cmcg4ug8g001ri63hzibubcbkcmcgji96d0002f7406kfwtkpf', false, NULL, '2025-06-28 17:54:53.954', NULL);
INSERT INTO public."Chat" VALUES ('cmcg4ocnk001mi63hylruuu8rcmcgkqhfm0006f74085l2gcrn', false, NULL, '2025-06-28 18:28:28.544', NULL);
INSERT INTO public."Chat" VALUES ('cmc61vlmy0002j33h2zs706p4cmcgkqhfm0006f74085l2gcrn', false, NULL, '2025-06-28 18:29:23.878', NULL);
INSERT INTO public."Chat" VALUES ('cmc61vlmy0002j33h2zs706p4cmcglnyra000ff7402xqm0pgi', false, NULL, '2025-06-28 18:54:42.613', NULL);
INSERT INTO public."Chat" VALUES ('cmc61wz7d0003j33h317fjftycmcgpjrs1000pf740owbc2ta1', false, NULL, '2025-06-28 20:43:12.797', NULL);
INSERT INTO public."Chat" VALUES ('cmcg55n5w002zi63hdoppxhixcmchbfcxv000vf740h6jz7lff', false, NULL, '2025-06-29 06:55:48.84', NULL);
INSERT INTO public."Chat" VALUES ('cmc61vlmy0002j33h2zs706p4cmchxw4ji0014f740l0a06abg', false, NULL, '2025-06-29 17:26:19.247', NULL);
INSERT INTO public."Chat" VALUES ('cmcso19co0000fs3z9dsofzy9cmcsqbl3u0002fs3zkqq12c1f', false, NULL, '2025-07-07 09:50:30.362', NULL);
INSERT INTO public."Chat" VALUES ('cmcsxtkni0007fs3z7xxqref3', true, 'hello', '2025-07-07 10:07:38.16', 'https://png.pngtree.com/png-clipart/20190620/original/pngtree-vector-leader-of-group-icon-png-image_4022100.jpg');
INSERT INTO public."Chat" VALUES ('cmcso19co0000fs3z9dsofzy9cmcsov99q0001fs3zv2085qet', false, NULL, '2025-07-07 10:09:01.176', NULL);
INSERT INTO public."Chat" VALUES ('cmcsov99q0001fs3zv2085qetcmct0grzf000wfs3zk9ue41bq', false, NULL, '2025-07-07 11:23:17.905', NULL);
INSERT INTO public."Chat" VALUES ('cmct0n4c20013fs3zfn7meof7', true, 'chuu***', '2025-07-07 11:26:35.926', 'https://png.pngtree.com/png-clipart/20190620/original/pngtree-vector-leader-of-group-icon-png-image_4022100.jpg');
INSERT INTO public."Chat" VALUES ('cmc61wz7d0003j33h317fjftycmct23ah9001ifs3zos7avxnz', false, NULL, '2025-07-07 12:07:52.243', NULL);
INSERT INTO public."Chat" VALUES ('cmc61vlmy0002j33h2zs706p4cmct23ah9001ifs3zos7avxnz', false, NULL, '2025-07-07 12:08:19.84', NULL);
INSERT INTO public."Chat" VALUES ('cmc62xhs7000kj33hkv42sbeucmcso19co0000fs3z9dsofzy9', false, NULL, '2025-07-07 14:16:44.808', NULL);
INSERT INTO public."Chat" VALUES ('cmcgdr8k6004ui63hhm6kfzuicmcso19co0000fs3z9dsofzy9', false, NULL, '2025-07-07 14:17:58.292', NULL);
INSERT INTO public."Chat" VALUES ('cmcso19co0000fs3z9dsofzy9cmct23ah9001ifs3zos7avxnz', false, NULL, '2025-07-07 14:19:20.705', NULL);
INSERT INTO public."Chat" VALUES ('cmcgbt4qe004li63hyoaqy5urcmd288uss000bci3hl2nhkndr', false, NULL, '2025-07-13 22:09:52.681', NULL);
INSERT INTO public."Chat" VALUES ('cmcg2m9iu000hi63huc1ilypxcmd288uss000bci3hl2nhkndr', false, NULL, '2025-07-13 22:10:22.98', NULL);
INSERT INTO public."Chat" VALUES ('cmcg2fg8g000gi63hy4q2gia9cmcso19co0000fs3z9dsofzy9', false, NULL, '2025-08-13 13:43:37.307', NULL);
INSERT INTO public."Chat" VALUES ('cmfil7i850000ga3ieebpyiiecmfil8sfa0001ga3i8thvbknc', false, NULL, '2025-09-13 18:17:22.018', NULL);
INSERT INTO public."Chat" VALUES ('cmcg6z6ff0032i63hv46h6rtpcmcsov99q0001fs3zv2085qet', false, NULL, '2025-10-01 11:23:52.267', NULL);
INSERT INTO public."Chat" VALUES ('cmcg3coos0011i63hxel9kki0cmgdunk8x0000ds27vzh22lqa', false, NULL, '2025-10-05 15:21:42.573', NULL);
INSERT INTO public."Chat" VALUES ('cmc61vlmy0002j33h2zs706p4cmgif8ndp0007ds27ke76vmh8', false, NULL, '2025-10-08 20:10:18.573', NULL);


--
-- Data for Name: User; Type: TABLE DATA; Schema: public; Owner: neondb_owner
--

INSERT INTO public."User" VALUES ('cmcg29gzg000ai63hn2nsladb', 'xplozion@gmail.com', '$2b$10$2RiFBayPeop4Wwm/zgPWheuFKq/CwR1fzFa9AdyhBVCefF4bSpezq', '2025-06-28 09:50:58.109', '2025-06-28 09:51:10.876', 'https://encrypted-tbn0.gstatic.com/images?q=tbn:ANd9GcTItQjUALs6-IkOWnOAMl8i3zrGqQWsaL5aVQ&s', '223', 'eyJhbGciOiJIUzI1NiIsInR5cCI6IkpXVCJ9.eyJ1c2VySWQiOiJjbWNnMjlnemcwMDBhaTYzaG4ybnNsYWRiIiwiaWF0IjoxNzUxMTA0MjcwLCJleHAiOjE3NTE3MDkwNzB9.Rk_onX5sNAKqLhyDGKe5ST5TC8zYyKeDERdIGMoZpo8');
INSERT INTO public."User" VALUES ('cmc61wz7d0003j33h317fjfty', '6@6.com', '$2b$10$uWs33U2EGDIVdwJpuowbQ.Io9zRCj0LR7Rkt9q/2F3yS2w/tE635y', '2025-06-21 09:43:33.434', '2025-06-21 09:49:11.219', 'http://res.cloudinary.com/ashishrana/image/upload/v1750499350/public/avatar-1750499350104-928076428.jpg', 'Anuj', 'eyJhbGciOiJIUzI1NiIsInR5cCI6IkpXVCJ9.eyJ1c2VySWQiOiJjbWM2MXd6N2QwMDAzajMzaDMxN2ZqZnR5IiwiaWF0IjoxNzUwNDk5MzE2LCJleHAiOjE3NTExMDQxMTZ9.UtUkfqUa6URI_QcrDDgpVKaTpASMWyhJoe0Vw57xjt4');
INSERT INTO public."User" VALUES ('cmc092y76000pky3z6thhhxf0', 'abhishek.vk396@gmail.com', '$2b$10$.2E1SWgLlORkL23VFcs0Vu2ClT50h1wxZYOHpMhRMCwuBsKAeoK9a', '2025-06-17 08:17:32.322', '2025-06-17 08:17:32.322', 'https://encrypted-tbn0.gstatic.com/images?q=tbn:ANd9GcTItQjUALs6-IkOWnOAMl8i3zrGqQWsaL5aVQ&s', 'polishcow', NULL);
INSERT INTO public."User" VALUES ('cmc0fet0y0001hj3hsz4aa06x', '4@4.com', '$2b$10$bT058XfNn9vIk6gHV0kKNuqMkXr53uGvZ2SJnEQl6.BMM0eq27HbK', '2025-06-17 11:14:43.186', '2025-06-17 11:14:43.186', 'https://encrypted-tbn0.gstatic.com/images?q=tbn:ANd9GcTItQjUALs6-IkOWnOAMl8i3zrGqQWsaL5aVQ&s', '4', NULL);
INSERT INTO public."User" VALUES ('cmc0fe61q0000hj3hwylb3noo', '3@3.com', '$2b$10$yn1eidN/NftEkotWOMuyd.yO.QoEprcXAWGQEtijczhmNn8dsM3QG', '2025-06-17 11:14:13.407', '2025-06-17 13:33:27.159', 'https://encrypted-tbn0.gstatic.com/images?q=tbn:ANd9GcTItQjUALs6-IkOWnOAMl8i3zrGqQWsaL5aVQ&s', '3', NULL);
INSERT INTO public."User" VALUES ('cmc6ai9sr0012j33hn47mny9u', 'bhadauriaaabhas361@gmail.com', '$2b$10$q5cRl0X7ngSblEeWa7ZUuuogCZqm/J5PLs5HjT3Mlo47QV5egLq2y', '2025-06-21 13:44:03.868', '2025-06-21 13:44:15.591', 'https://encrypted-tbn0.gstatic.com/images?q=tbn:ANd9GcTItQjUALs6-IkOWnOAMl8i3zrGqQWsaL5aVQ&s', 'Aabhas ', 'eyJhbGciOiJIUzI1NiIsInR5cCI6IkpXVCJ9.eyJ1c2VySWQiOiJjbWM2YWk5c3IwMDEyajMzaG40N21ueTl1IiwiaWF0IjoxNzUwNTEzNDU1LCJleHAiOjE3NTExMTgyNTV9.rHB8QTZL2RUnAk1L6jo80x3wWDMwZfiFNvqBAX1bEXY');
INSERT INTO public."User" VALUES ('cmc61vlmy0002j33h2zs706p4', '5@5.com', '$2b$10$oxYxENfikYEnb45awEo/VuRQHz4lndo/xeG1bvwCXhDQUoA7zQX96', '2025-06-21 09:42:29.195', '2025-06-21 09:50:19.836', 'http://res.cloudinary.com/ashishrana/image/upload/v1750498972/public/avatar-1750498971479-821617025.jpg', 'Ashish', 'eyJhbGciOiJIUzI1NiIsInR5cCI6IkpXVCJ9.eyJ1c2VySWQiOiJjbWM2MXZsbXkwMDAyajMzaDJ6czcwNnA0IiwiaWF0IjoxNzUwNDk5NDE5LCJleHAiOjE3NTExMDQyMTl9.A1g0awaI8ryFs05tGHJ746Oke9ONnstZNS0RkqO7czs');
INSERT INTO public."User" VALUES ('cmcg1mluc0005i63h0yew8nug', 'defeater1122@gmail.com', '$2b$10$6UkUPYhzMzHjMCxW93WBPeU44xsU5dWtXVJnQciyJElzeuBMeIZFy', '2025-06-28 09:33:11.316', '2025-06-28 09:35:24.717', 'https://encrypted-tbn0.gstatic.com/images?q=tbn:ANd9GcTItQjUALs6-IkOWnOAMl8i3zrGqQWsaL5aVQ&s', 'siu', 'eyJhbGciOiJIUzI1NiIsInR5cCI6IkpXVCJ9.eyJ1c2VySWQiOiJjbWNnMW1sdWMwMDA1aTYzaDB5ZXc4bnVnIiwiaWF0IjoxNzUxMTAzMzI0LCJleHAiOjE3NTE3MDgxMjR9.2ZpnJFJG5AO3XB2GT2zuRzns2RXEGZsmDnvBbLRZktk');
INSERT INTO public."User" VALUES ('cmcg1i6os0000i63h6sef8g7s', 'aryanchari20@gmail.com', '$2b$10$RzRQN/D3XssbFXqHtZTsluWCXuXDBnRfnO5VFshcp0I7dk9OUZNpG', '2025-06-28 09:29:45.052', '2025-06-28 09:29:45.052', 'https://encrypted-tbn0.gstatic.com/images?q=tbn:ANd9GcTItQjUALs6-IkOWnOAMl8i3zrGqQWsaL5aVQ&s', 'Aryan ', NULL);
INSERT INTO public."User" VALUES ('cmcg1j3qc0001i63h1dq0gm3q', 'omega@gmail.com', '$2b$10$2D4Kvg2BXxJldjunLO7wrOe1Bc1on3VNfpKWyEIurkOAbEuhV9spm', '2025-06-28 09:30:27.876', '2025-06-28 09:30:47.723', 'https://encrypted-tbn0.gstatic.com/images?q=tbn:ANd9GcTItQjUALs6-IkOWnOAMl8i3zrGqQWsaL5aVQ&s', 'Omega', 'eyJhbGciOiJIUzI1NiIsInR5cCI6IkpXVCJ9.eyJ1c2VySWQiOiJjbWNnMWozcWMwMDAxaTYzaDFkcTBnbTNxIiwiaWF0IjoxNzUxMTAzMDQ3LCJleHAiOjE3NTE3MDc4NDd9.fjvNKWpHux0tvYBlJoMxBcVJjkoKyZKQZiqBzqi8900');
INSERT INTO public."User" VALUES ('cmc085atz0000ky3zvumjrcrj', '2@2.com', '$2b$10$T93EzHp9ZmX6qKOQ4pp9b.pqVR2iDohk2yLSpCm5e08dtdK0Rayoa', '2025-06-17 07:51:22.391', '2025-06-18 14:03:55.305', 'http://res.cloudinary.com/ashishrana/image/upload/v1750166788/public/avatar-1750166787670-104188714.webp', '2', 'eyJhbGciOiJIUzI1NiIsInR5cCI6IkpXVCJ9.eyJ1c2VySWQiOiJjbWMwODVhdHowMDAwa3kzenZ1bWpyY3JqIiwiaWF0IjoxNzUwMjU1NDM1LCJleHAiOjE3NTA4NjAyMzV9.WvQW-knFbeMcwkWsWED_L3fUwnKyvtcE3DHEDAhoC1I');
INSERT INTO public."User" VALUES ('cmcg1ltun0002i63hvbazvkg3', 'sagarsharma1832@gmail.com', '$2b$10$KCZuCPyBnpgv6..5NU8jAejzgu1TSlcHKyangxtp2xcwsRlVwXW6i', '2025-06-28 09:32:35.04', '2025-06-30 12:01:49.566', 'https://encrypted-tbn0.gstatic.com/images?q=tbn:ANd9GcTItQjUALs6-IkOWnOAMl8i3zrGqQWsaL5aVQ&s', 'Sagar', 'eyJhbGciOiJIUzI1NiIsInR5cCI6IkpXVCJ9.eyJ1c2VySWQiOiJjbWNnMWx0dW4wMDAyaTYzaHZiYXp2a2czIiwiaWF0IjoxNzUxMjg0OTA5LCJleHAiOjE3NTE4ODk3MDl9._eSlhhJ_VE15hub82isFAgJ6Jt5Ea-1MXcRrRoKBJLA');
INSERT INTO public."User" VALUES ('cmc62xhs7000kj33hkv42sbeu', 'aaa@gmail.com', '$2b$10$gt1fkgy4AW7e7If0P2V50eYpz6y8U3UkA3hQVwaxcM6QyTbft3vqq', '2025-06-21 10:11:57.127', '2025-06-21 10:15:54.224', 'http://res.cloudinary.com/ashishrana/image/upload/v1750500915/public/avatar-1750500913959-868077741.gif', 'aaa', 'eyJhbGciOiJIUzI1NiIsInR5cCI6IkpXVCJ9.eyJ1c2VySWQiOiJjbWM2MnhoczcwMDBrajMzaGt2NDJzYmV1IiwiaWF0IjoxNzUwNTAwOTU0LCJleHAiOjE3NTExMDU3NTR9.i5lbfPkmbeCJ-o91AeAD_6nHnHHRetRhp4WWxpSyukg');
INSERT INTO public."User" VALUES ('cmcg1ukb80006i63hzg56y0p1', 'abc@mail.com', '$2b$10$nCJ0TDSguvULEEBVxBHKTOO0NJZBgwfS7/Ftrb6olvfWKZZMXCWpy', '2025-06-28 09:39:22.58', '2025-06-28 09:39:22.58', 'https://encrypted-tbn0.gstatic.com/images?q=tbn:ANd9GcTItQjUALs6-IkOWnOAMl8i3zrGqQWsaL5aVQ&s', 'Abc', NULL);
INSERT INTO public."User" VALUES ('cmcg2au8b000bi63hdk39xlpb', 'samirkumar955@gmail.com', '$2b$10$POCdDC8oooGch8XE4XOhCeZtzqqiPXePPDIbwj1qu6Fafx32Zm8q6', '2025-06-28 09:52:01.931', '2025-06-28 09:52:14.048', 'https://encrypted-tbn0.gstatic.com/images?q=tbn:ANd9GcTItQjUALs6-IkOWnOAMl8i3zrGqQWsaL5aVQ&s', 'Samir', 'eyJhbGciOiJIUzI1NiIsInR5cCI6IkpXVCJ9.eyJ1c2VySWQiOiJjbWNnMmF1OGIwMDBiaTYzaGRrMzl4bHBiIiwiaWF0IjoxNzUxMTA0MzM0LCJleHAiOjE3NTE3MDkxMzR9.kosMImgRQ1GO1T0ExlVwyCot5v2P4wc3ylM4DD6HwDo');
INSERT INTO public."User" VALUES ('cmcg1wg410007i63h1glykk7k', 'abc@abc.com', '$2b$10$DDZV3xn4fNRqa2pfbT19zufIorFt1yxoUqgDhdaFkqgy9TVl.kXk6', '2025-06-28 09:40:50.45', '2025-06-28 09:41:06.141', 'https://encrypted-tbn0.gstatic.com/images?q=tbn:ANd9GcTItQjUALs6-IkOWnOAMl8i3zrGqQWsaL5aVQ&s', 'abc_abc', 'eyJhbGciOiJIUzI1NiIsInR5cCI6IkpXVCJ9.eyJ1c2VySWQiOiJjbWNnMXdnNDEwMDA3aTYzaDFnbHlrazdrIiwiaWF0IjoxNzUxMTAzNjY2LCJleHAiOjE3NTE3MDg0NjZ9.L_t9LJsGSzzq7GDsCHvwFDEQBeCPBXk54nGgi5AnPDQ');
INSERT INTO public."User" VALUES ('cmcg2fg8g000gi63hy4q2gia9', 'uuuu@gh.cg', '$2b$10$FZ7zDWidrsr3jwJf9eMHRe9Gf5zfw7q52Jz0k.mPES8LxOhR9T02O', '2025-06-28 09:55:37.073', '2025-06-28 09:55:37.073', 'https://encrypted-tbn0.gstatic.com/images?q=tbn:ANd9GcTItQjUALs6-IkOWnOAMl8i3zrGqQWsaL5aVQ&s', 'Yuuuyu', NULL);
INSERT INTO public."User" VALUES ('cmcg2m9iu000hi63huc1ilypx', 'thevidiya@gmail.com', '$2b$10$HzmeA.LSnceVBxhhyPs7J.f4QRWpj5jmWw/QIewim2CGCMv9AOfpu', '2025-06-28 10:00:54.966', '2025-06-28 10:00:54.966', 'https://encrypted-tbn0.gstatic.com/images?q=tbn:ANd9GcTItQjUALs6-IkOWnOAMl8i3zrGqQWsaL5aVQ&s', 'nigga', NULL);
INSERT INTO public."User" VALUES ('cmcg2y1wt000ii63hrsf7ejc2', 'nir@hmail.com', '$2b$10$sjJcnH6T5Nua5TlV2KRJsum2d7KtCrtkprhJbI.OnOERWVcZ3Bwty', '2025-06-28 10:10:04.973', '2025-06-28 10:10:21.05', 'https://encrypted-tbn0.gstatic.com/images?q=tbn:ANd9GcTItQjUALs6-IkOWnOAMl8i3zrGqQWsaL5aVQ&s', 'nir', 'eyJhbGciOiJIUzI1NiIsInR5cCI6IkpXVCJ9.eyJ1c2VySWQiOiJjbWNnMnkxd3QwMDBpaTYzaHJzZjdlamMyIiwiaWF0IjoxNzUxMTA1NDIxLCJleHAiOjE3NTE3MTAyMjF9.NpLAZKXpY2NzMh6JnagoGbzu3s68tzanR8ADMSh53_0');
INSERT INTO public."User" VALUES ('cmcg33ce5000ni63h3fc7yr9p', 'bekaarhai@fuckmail.com', '$2b$10$kkFD4YTu3vzicyzVbLrd2eMhj5Nc/h/zaQXGJQ5f4./26/lR1yBaK', '2025-06-28 10:14:11.837', '2025-06-28 10:14:24.242', 'https://encrypted-tbn0.gstatic.com/images?q=tbn:ANd9GcTItQjUALs6-IkOWnOAMl8i3zrGqQWsaL5aVQ&s', 'bekaar', 'eyJhbGciOiJIUzI1NiIsInR5cCI6IkpXVCJ9.eyJ1c2VySWQiOiJjbWNnMzNjZTUwMDBuaTYzaDNmYzd5cjlwIiwiaWF0IjoxNzUxMTA1NjY0LCJleHAiOjE3NTE3MTA0NjR9.z6_6NjLInijoL321TTyvRgB0zy03Ju9QtWN-hvn9v-I');
INSERT INTO public."User" VALUES ('cmcg393cw000si63h0ryr1imw', 'kj@gh.com', '$2b$10$dbJOTWe586kMTmejGER0GO2I6J7hYXEq5QCMJ6xZ5GPQRSe7Zvqs2', '2025-06-28 10:18:40.065', '2025-06-28 10:18:40.065', 'https://encrypted-tbn0.gstatic.com/images?q=tbn:ANd9GcTItQjUALs6-IkOWnOAMl8i3zrGqQWsaL5aVQ&s', 'mjk', NULL);
INSERT INTO public."User" VALUES ('cmcg4ocnk001mi63hylruuu8r', '1234@gmail.com', '$2b$10$aOkNFhuptLHoHQQgTVZR9Orz1LEuUxsBmVUJTCLdGHGmSpcy11FR6', '2025-06-28 10:58:31.569', '2025-06-28 10:58:48.35', 'https://encrypted-tbn0.gstatic.com/images?q=tbn:ANd9GcTItQjUALs6-IkOWnOAMl8i3zrGqQWsaL5aVQ&s', '1234', 'eyJhbGciOiJIUzI1NiIsInR5cCI6IkpXVCJ9.eyJ1c2VySWQiOiJjbWNnNG9jbmswMDFtaTYzaHlscnV1dThyIiwiaWF0IjoxNzUxMTA4MzI4LCJleHAiOjE3NTE3MTMxMjh9.DG5QMe07a5_9I7p7RP_s2gySRZNa1cmQzAogFl-KjtU');
INSERT INTO public."User" VALUES ('cmcg399c2000ti63hp3eay0if', 'xxx@xxxx.coxxx', '$2b$10$m43134/Iz8sr6Q7X/p9geuqvcR1eihYOAsMVoc9v8sdAIYRamAT4u', '2025-06-28 10:18:47.81', '2025-06-28 10:19:34.539', 'https://encrypted-tbn0.gstatic.com/images?q=tbn:ANd9GcTItQjUALs6-IkOWnOAMl8i3zrGqQWsaL5aVQ&s', 'xoxo123', NULL);
INSERT INTO public."User" VALUES ('cmcg3apex000ui63hagxcxcy4', 'ma@am.com', '$2b$10$EmHHhhGxXkQO1y6PoXXSy.mHD09xT9Nt8Rpg055ELVt1CfSPwnctO', '2025-06-28 10:19:55.305', '2025-06-28 10:20:08.744', 'https://encrypted-tbn0.gstatic.com/images?q=tbn:ANd9GcTItQjUALs6-IkOWnOAMl8i3zrGqQWsaL5aVQ&s', 'amb', 'eyJhbGciOiJIUzI1NiIsInR5cCI6IkpXVCJ9.eyJ1c2VySWQiOiJjbWNnM2FwZXgwMDB1aTYzaGFneGN4Y3k0IiwiaWF0IjoxNzUxMTA2MDA4LCJleHAiOjE3NTE3MTA4MDh9.x63y127K_VvJFybFTBmSB-is-xfmL_8fPHmWozBVo7Y');
INSERT INTO public."User" VALUES ('cmcg3coos0011i63hxel9kki0', 'test@gmail.com', '$2b$10$X5xrCqolcYRguyKcmUqt4etbSmvi7lb8awpeCuhSkC4P9pETX8P2K', '2025-06-28 10:21:27.677', '2025-06-28 10:21:52.143', 'https://encrypted-tbn0.gstatic.com/images?q=tbn:ANd9GcTItQjUALs6-IkOWnOAMl8i3zrGqQWsaL5aVQ&s', 'abhi', 'eyJhbGciOiJIUzI1NiIsInR5cCI6IkpXVCJ9.eyJ1c2VySWQiOiJjbWNnM2Nvb3MwMDExaTYzaHhlbDlra2kwIiwiaWF0IjoxNzUxMTA2MTEyLCJleHAiOjE3NTE3MTA5MTJ9.YN8-3G1wnny1h0Cu_0uya9GMGtP8i6Dx7FZ3yMywQLA');
INSERT INTO public."User" VALUES ('cmcg3fjcv0016i63h09ku2plo', 'ut2000tyagi@gmail.com', '$2b$10$YQJtIjM48nj1TtxB88Ijw.3/jm79IQf2bh2A9JL2/Ro3EXhEe9cc2', '2025-06-28 10:23:40.735', '2025-06-28 10:24:31.47', 'https://encrypted-tbn0.gstatic.com/images?q=tbn:ANd9GcTItQjUALs6-IkOWnOAMl8i3zrGqQWsaL5aVQ&s', 'liten', 'eyJhbGciOiJIUzI1NiIsInR5cCI6IkpXVCJ9.eyJ1c2VySWQiOiJjbWNnM2ZqY3YwMDE2aTYzaDA5a3UycGxvIiwiaWF0IjoxNzUxMTA2MjcxLCJleHAiOjE3NTE3MTEwNzF9.uAjHSX5fRVilMzjaEyLCBkfK19EyZlR83lCLd_TQQq0');
INSERT INTO public."User" VALUES ('cmcg3uyci001bi63hzgfy2z29', 'jomob53426@decodewp.com', '$2b$10$r6Am/u9yR6kC2flGViNQn.stx7NBVBns8GqGj2.yh96MlkyvrxuBG', '2025-06-28 10:35:40.002', '2025-06-28 10:36:01.922', 'https://encrypted-tbn0.gstatic.com/images?q=tbn:ANd9GcTItQjUALs6-IkOWnOAMl8i3zrGqQWsaL5aVQ&s', 'abc', 'eyJhbGciOiJIUzI1NiIsInR5cCI6IkpXVCJ9.eyJ1c2VySWQiOiJjbWNnM3V5Y2kwMDFiaTYzaHpnZnkyejI5IiwiaWF0IjoxNzUxMTA2OTYxLCJleHAiOjE3NTE3MTE3NjF9.dH_Vfat91KEvy3HWwfQ2qL53gL1qFXzAGEKnufzf4W4');
INSERT INTO public."User" VALUES ('cmcg4ug8g001ri63hzibubcbk', 'nigga@chigga.com', '$2b$10$rxXDR9FwnFGcdUz3fLpABe665CFNCLxJnFpdJYkztU1MWYXwqyKzu', '2025-06-28 11:03:16.144', '2025-06-28 11:03:16.144', 'https://encrypted-tbn0.gstatic.com/images?q=tbn:ANd9GcTItQjUALs6-IkOWnOAMl8i3zrGqQWsaL5aVQ&s', 'Nigga', NULL);
INSERT INTO public."User" VALUES ('cmcg4fx50001ci63h2zmrjwyc', 'abcd@gnail.com', '$2b$10$OiAdHqTokG5iNBcoeeeHRuiF6MgmqgD5CvMa2MwQPJEbGFDj2lfTO', '2025-06-28 10:51:58.213', '2025-06-28 10:52:48.337', 'https://encrypted-tbn0.gstatic.com/images?q=tbn:ANd9GcTItQjUALs6-IkOWnOAMl8i3zrGqQWsaL5aVQ&s', 'Qute', 'eyJhbGciOiJIUzI1NiIsInR5cCI6IkpXVCJ9.eyJ1c2VySWQiOiJjbWNnNGZ4NTAwMDFjaTYzaDJ6bXJqd3ljIiwiaWF0IjoxNzUxMTA3OTY4LCJleHAiOjE3NTE3MTI3Njh9.yCy7paz-ADlGx3dOVjdcLVJTtfqTW0L_GScS9SLna4E');
INSERT INTO public."User" VALUES ('cmcg4ihld001di63hbfr9bnwy', 'milesmairandi69@gmail.com', '$2b$10$z43G4dofygQWDUJqU/fIeOV9ntrBPb4rGAKWRpLk9GIWRvKaWHCwu', '2025-06-28 10:53:58.034', '2025-06-28 10:54:19.605', 'https://encrypted-tbn0.gstatic.com/images?q=tbn:ANd9GcTItQjUALs6-IkOWnOAMl8i3zrGqQWsaL5aVQ&s', 'milesmairandi', 'eyJhbGciOiJIUzI1NiIsInR5cCI6IkpXVCJ9.eyJ1c2VySWQiOiJjbWNnNGlobGQwMDFkaTYzaGJmcjlibnd5IiwiaWF0IjoxNzUxMTA4MDU5LCJleHAiOjE3NTE3MTI4NTl9.aowH0ORUJ7vt7uP2YnulSpPhmn_k08E5Nk0XG3i-W18');
INSERT INTO public."User" VALUES ('cmcg4km2a001li63h0rrr2sx4', 'hhhh@gmail.com', '$2b$10$IQCkTK9nV5PSg..O8JVnFu0o2B0XLPd/5F8vE/e2sTGbhcJuzbHXq', '2025-06-28 10:55:37.139', '2025-06-28 10:55:37.139', 'https://encrypted-tbn0.gstatic.com/images?q=tbn:ANd9GcTItQjUALs6-IkOWnOAMl8i3zrGqQWsaL5aVQ&s', 'uuu', NULL);
INSERT INTO public."User" VALUES ('cmcg4vhzn001ti63he9xj7320', 'gghj@gmail.com', '$2b$10$3ZP8mo.6fVQZTNNTNBhUP.Zl4fg753pGoKIfhFSNbPS8fWrdm2f4a', '2025-06-28 11:04:05.075', '2025-06-28 11:04:05.075', 'https://encrypted-tbn0.gstatic.com/images?q=tbn:ANd9GcTItQjUALs6-IkOWnOAMl8i3zrGqQWsaL5aVQ&s', 'User123', NULL);
INSERT INTO public."User" VALUES ('cmcg55n5w002zi63hdoppxhix', 'jule@gmail.com', '$2b$10$q.oKltGdtEA/oArVb42Atern0LPV0Kh5QQF5wWL7duWW3IPFTA9HC', '2025-06-28 11:11:58.34', '2025-06-28 11:12:09.984', 'https://encrypted-tbn0.gstatic.com/images?q=tbn:ANd9GcTItQjUALs6-IkOWnOAMl8i3zrGqQWsaL5aVQ&s', 'happyquack', 'eyJhbGciOiJIUzI1NiIsInR5cCI6IkpXVCJ9.eyJ1c2VySWQiOiJjbWNnNTVuNXcwMDJ6aTYzaGRvcHB4aGl4IiwiaWF0IjoxNzUxMTA5MTI5LCJleHAiOjE3NTE3MTM5Mjl9.7dLlEMOqIX68xFciQt7E78sGyF5jq07PH0bKbdWICmE');
INSERT INTO public."User" VALUES ('cmcg4yerv0026i63he8zdogcz', 'rormkqdafvolgeyhfe@nespf.com', '$2b$10$N5GRVXwCw/aTA2/Pq0hx8./06YLqwUdw33stqWQauqSdShnl8J3rS', '2025-06-28 11:06:20.876', '2025-06-28 11:06:48.638', 'https://encrypted-tbn0.gstatic.com/images?q=tbn:ANd9GcTItQjUALs6-IkOWnOAMl8i3zrGqQWsaL5aVQ&s', 'tajaha', 'eyJhbGciOiJIUzI1NiIsInR5cCI6IkpXVCJ9.eyJ1c2VySWQiOiJjbWNnNHllcnYwMDI2aTYzaGU4emRvZ2N6IiwiaWF0IjoxNzUxMTA4ODA4LCJleHAiOjE3NTE3MTM2MDh9.bovew4ikYrFToDbXLJvh9hyDeFu20B2eZEf-NU9Tx4A');
INSERT INTO public."User" VALUES ('cmcg4vgst001si63hxvqh3ru1', 'a@b.com', '$2b$10$GvqSRsP0B.PtrIBXGHud.ejjyJLjt0cJqKD/1ra07iLQtcYp/yjpK', '2025-06-28 11:04:03.533', '2025-06-28 11:07:37.54', 'https://encrypted-tbn0.gstatic.com/images?q=tbn:ANd9GcTItQjUALs6-IkOWnOAMl8i3zrGqQWsaL5aVQ&s', 'A', 'eyJhbGciOiJIUzI1NiIsInR5cCI6IkpXVCJ9.eyJ1c2VySWQiOiJjbWNnNHZnc3QwMDFzaTYzaHh2cWgzcnUxIiwiaWF0IjoxNzUxMTA4ODU3LCJleHAiOjE3NTE3MTM2NTd9.TvIC1EP8BDXBxwzImPQt6XZWdEFSG1ReQdEVJmVQDs4');
INSERT INTO public."User" VALUES ('cmcg54ca7002yi63hzvq140up', 'fopj@gmail.com', '$2b$10$/ApsPGfKHqHPZLYPJWKlXOCMFRH08I1tkYoZNPxsnyKfxtQ5spXm6', '2025-06-28 11:10:57.583', '2025-06-28 11:10:57.583', 'https://encrypted-tbn0.gstatic.com/images?q=tbn:ANd9GcTItQjUALs6-IkOWnOAMl8i3zrGqQWsaL5aVQ&s', 'Sailesh56', NULL);
INSERT INTO public."User" VALUES ('cmcg5hqnr0030i63hdok7vt6j', 'testingyourapp@gmail.com', '$2b$10$wkdAibQhhqBeCiwFLG3qYenxOBw5UgrVph7//rjHoTk1TiFl7dCLa', '2025-06-28 11:21:22.744', '2025-06-28 11:21:36.044', 'https://encrypted-tbn0.gstatic.com/images?q=tbn:ANd9GcTItQjUALs6-IkOWnOAMl8i3zrGqQWsaL5aVQ&s', 'testing', 'eyJhbGciOiJIUzI1NiIsInR5cCI6IkpXVCJ9.eyJ1c2VySWQiOiJjbWNnNWhxbnIwMDMwaTYzaGRvazd2dDZqIiwiaWF0IjoxNzUxMTA5Njk2LCJleHAiOjE3NTE3MTQ0OTZ9.Zt9r3u7qCzS2BjzsGXbjzixK8g6CIun73xMB87Wc-90');
INSERT INTO public."User" VALUES ('cmcg5xw6j0031i63hyzuicwrz', 'kartikcr709@gmail.com', '$2b$10$B16hpHMid0zevtWYSHRykuaIlKqH.IjpUU3lHsmcw7xEirHjlcpwq', '2025-06-28 11:33:56.395', '2025-06-28 11:38:18.606', 'https://encrypted-tbn0.gstatic.com/images?q=tbn:ANd9GcTItQjUALs6-IkOWnOAMl8i3zrGqQWsaL5aVQ&s', 'kp0010', 'eyJhbGciOiJIUzI1NiIsInR5cCI6IkpXVCJ9.eyJ1c2VySWQiOiJjbWNnNXh3NmowMDMxaTYzaHl6dWljd3J6IiwiaWF0IjoxNzUxMTEwNjk4LCJleHAiOjE3NTE3MTU0OTh9.A_GLJTfwiFfqADeGDZ7R7Cm-ckFeaiwU27O4COz1ID0');
INSERT INTO public."User" VALUES ('cmcg6z6ff0032i63hv46h6rtp', 'h@h.com', '$2b$10$cSgvAUCyZMbmsBTTtyUXheb1iydZUj/eDkoNbGW1q7FoP5jgoown6', '2025-06-28 12:02:55.947', '2025-06-28 12:03:09.311', 'https://encrypted-tbn0.gstatic.com/images?q=tbn:ANd9GcTItQjUALs6-IkOWnOAMl8i3zrGqQWsaL5aVQ&s', 'leodhas', 'eyJhbGciOiJIUzI1NiIsInR5cCI6IkpXVCJ9.eyJ1c2VySWQiOiJjbWNnNno2ZmYwMDMyaTYzaHY0Nmg2cnRwIiwiaWF0IjoxNzUxMTEyMTg5LCJleHAiOjE3NTE3MTY5ODl9.sw1BffoDQOEPwkmwyuzWPKGzdWkqnljba62tpPfbUes');
INSERT INTO public."User" VALUES ('cmcg7di760037i63hk42dyklh', 'fanboiofharrystyles@gmail.com', '$2b$10$prXn5LpM3L.wfWr1X3AwSuTOXdl8S3kzdsuMmozOIKfsC4cxbm8dq', '2025-06-28 12:14:04.387', '2025-06-28 12:14:27.311', 'https://encrypted-tbn0.gstatic.com/images?q=tbn:ANd9GcTItQjUALs6-IkOWnOAMl8i3zrGqQWsaL5aVQ&s', 'Piyush', 'eyJhbGciOiJIUzI1NiIsInR5cCI6IkpXVCJ9.eyJ1c2VySWQiOiJjbWNnN2RpNzYwMDM3aTYzaGs0MmR5a2xoIiwiaWF0IjoxNzUxMTEyODY3LCJleHAiOjE3NTE3MTc2Njd9.csPKaFDlSb77F7YP4tLEzYrmD1a7bHQM3Vi-0NRGkLY');
INSERT INTO public."User" VALUES ('cmcggs36q0054i63h2x86n5ro', 'abc234@yopmail.com', '$2b$10$PuDp9jnnJGQreL//t0y/WeMaAq8Rw/BLgNU02bF78iXi7sw5AYuLW', '2025-06-28 16:37:21.315', '2025-06-28 16:39:40.229', 'https://encrypted-tbn0.gstatic.com/images?q=tbn:ANd9GcTItQjUALs6-IkOWnOAMl8i3zrGqQWsaL5aVQ&s', 'abcw48985r3', NULL);
INSERT INTO public."User" VALUES ('cmcg7xh38003ai63hkd1vl3km', 'a@gmail.com', '$2b$10$D/NUUZcsV3HwxDxcaiKFx.eu9sVK9//giwMEBm6RjkA6tRCTJQ6Ry', '2025-06-28 12:29:36.068', '2025-06-28 12:29:50.628', 'https://encrypted-tbn0.gstatic.com/images?q=tbn:ANd9GcTItQjUALs6-IkOWnOAMl8i3zrGqQWsaL5aVQ&s', 'clod', 'eyJhbGciOiJIUzI1NiIsInR5cCI6IkpXVCJ9.eyJ1c2VySWQiOiJjbWNnN3hoMzgwMDNhaTYzaGtkMXZsM2ttIiwiaWF0IjoxNzUxMTEzNzkwLCJleHAiOjE3NTE3MTg1OTB9.3-oUdLKxF_zaI4Y7Sv0iAqBrglM_4eQfF2T76yX-nRI');
INSERT INTO public."User" VALUES ('cmcg7xozo003bi63h9nalj7vi', 'deesoni759@gmail.com', '$2b$10$xCMa5a/zUelznOfxwNobBeL6rde3Up0hSnjgkL5dqOVzYlKNTtJrm', '2025-06-28 12:29:46.309', '2025-06-28 12:30:00.311', 'https://encrypted-tbn0.gstatic.com/images?q=tbn:ANd9GcTItQjUALs6-IkOWnOAMl8i3zrGqQWsaL5aVQ&s', 'dedede', 'eyJhbGciOiJIUzI1NiIsInR5cCI6IkpXVCJ9.eyJ1c2VySWQiOiJjbWNnN3hvem8wMDNiaTYzaDluYWxqN3ZpIiwiaWF0IjoxNzUxMTEzODAwLCJleHAiOjE3NTE3MTg2MDB9.Fl3U7fVfh1dGPB6mZFH7k3LmoezYeL_pm6o19dmhJig');
INSERT INTO public."User" VALUES ('cmcg8g8iy003ci63hvns8bd96', 'sg@gmail.com', '$2b$10$jbmAK9C1XU./s27v8kc/Hu6FtN8SmwPggzQN/97.xi2Y2t6RGnjLO', '2025-06-28 12:44:11.434', '2025-06-28 12:44:20.835', 'https://encrypted-tbn0.gstatic.com/images?q=tbn:ANd9GcTItQjUALs6-IkOWnOAMl8i3zrGqQWsaL5aVQ&s', 'notsg', 'eyJhbGciOiJIUzI1NiIsInR5cCI6IkpXVCJ9.eyJ1c2VySWQiOiJjbWNnOGc4aXkwMDNjaTYzaHZuczhiZDk2IiwiaWF0IjoxNzUxMTE0NjYwLCJleHAiOjE3NTE3MTk0NjB9.i83lfmSkRXpuW-8kXn7Up7Kr9a3EnqYHuelLfLQKI1o');
INSERT INTO public."User" VALUES ('cmcgdr8k6004ui63hhm6kfzui', 'abc@gmail.com', '$2b$10$Kh5dU4YOuVx7swpYz170Hu4xxVzIowd6J6svarE4A6DggwlmJgqj2', '2025-06-28 15:12:42.774', '2025-06-28 15:13:38.663', 'http://res.cloudinary.com/ashishrana/image/upload/v1751123618/public/avatar-1751123616692-784061924.png', 'JustHello', 'eyJhbGciOiJIUzI1NiIsInR5cCI6IkpXVCJ9.eyJ1c2VySWQiOiJjbWNnZHI4azYwMDR1aTYzaGhtNmtmenVpIiwiaWF0IjoxNzUxMTIzNTc3LCJleHAiOjE3NTE3MjgzNzd9.aReZS6kV5shz4HoJk7ifUlY6eNeL3aLWFAb0FT8dhRo');
INSERT INTO public."User" VALUES ('cmcg8kz8i003di63hnqljsmll', 'piyushkumarsingh20052007@gmail.com', '$2b$10$SKp6DuI1D8h9FcBGF3h7qe8YrCyBZkAcXjoAP3R9qJjs5CwS7x56K', '2025-06-28 12:47:52.675', '2025-06-28 12:48:11.81', 'https://encrypted-tbn0.gstatic.com/images?q=tbn:ANd9GcTItQjUALs6-IkOWnOAMl8i3zrGqQWsaL5aVQ&s', 'letpkcook', 'eyJhbGciOiJIUzI1NiIsInR5cCI6IkpXVCJ9.eyJ1c2VySWQiOiJjbWNnOGt6OGkwMDNkaTYzaG5xbGpzbWxsIiwiaWF0IjoxNzUxMTE0ODkxLCJleHAiOjE3NTE3MTk2OTF9.EQ5GHahk04dZWyJGuAF_KPJyPjb2nTStkuldneJkGc4');
INSERT INTO public."User" VALUES ('cmcgb1rff0045i63hq46373m7', 'testingnewly@gmail.com', '$2b$10$gjqVVu5a4qS/k3MU1QtQZulwEO0Wsm4xrzYv.9rl4LjByaPR0nqb2', '2025-06-28 13:56:54.939', '2025-06-28 13:57:02.315', 'https://encrypted-tbn0.gstatic.com/images?q=tbn:ANd9GcTItQjUALs6-IkOWnOAMl8i3zrGqQWsaL5aVQ&s', 'lalalalal', 'eyJhbGciOiJIUzI1NiIsInR5cCI6IkpXVCJ9.eyJ1c2VySWQiOiJjbWNnYjFyZmYwMDQ1aTYzaHE0NjM3M203IiwiaWF0IjoxNzUxMTE5MDIyLCJleHAiOjE3NTE3MjM4MjJ9.3zqVE1ZVltwCUq945GibkjjH7Kzfd6A8NstE7s71Z7Y');
INSERT INTO public."User" VALUES ('cmcgb23jp0046i63hc0tunrpx', 'adisaraf0155@gmail.com', '$2b$10$6SK/dclB3bRQWbDw6NJT5eBAi7WqRNhaOE86sWr9fmQeEdEVPRuZ.', '2025-06-28 13:57:10.646', '2025-06-28 13:57:26.542', 'https://encrypted-tbn0.gstatic.com/images?q=tbn:ANd9GcTItQjUALs6-IkOWnOAMl8i3zrGqQWsaL5aVQ&s', 'CPT_MAV', 'eyJhbGciOiJIUzI1NiIsInR5cCI6IkpXVCJ9.eyJ1c2VySWQiOiJjbWNnYjIzanAwMDQ2aTYzaGMwdHVucnB4IiwiaWF0IjoxNzUxMTE5MDQ2LCJleHAiOjE3NTE3MjM4NDZ9.lcaT2JftrkzzvfCaGbnWtPfY1LGG-KrvS4oq897E06Y');
INSERT INTO public."User" VALUES ('cmc07kzz00000cu3zjqqszzdo', '1@1.com', '$2b$10$4XCJCMcy7uM16ybPQcvJMuycTxux3tFW8URcK03/WQB.5cBO6w12q', '2025-06-17 07:35:35.196', '2025-07-07 05:31:25.785', 'http://res.cloudinary.com/ashishrana/image/upload/v1750213865/public/avatar-1750213864548-945912283.jpg', '1', NULL);
INSERT INTO public."User" VALUES ('cmcgbt4qe004li63hyoaqy5ur', 'someemail@gmail.com', '$2b$10$dgCMwKXgk4wpdFbYoLK09.ahyfTU4MH.Cal1D9xp2Z1qPsY6zvuYS', '2025-06-28 14:18:11.895', '2025-06-28 14:18:11.895', 'https://encrypted-tbn0.gstatic.com/images?q=tbn:ANd9GcTItQjUALs6-IkOWnOAMl8i3zrGqQWsaL5aVQ&s', 'testuser123123', NULL);
INSERT INTO public."User" VALUES ('cmcgbtxbf004mi63hae2qsqzn', 'testgmail@gmail.com', '$2b$10$U45m.uxtfwAGomNMYHTO0OM81wBd2zfejSAb7S1XOb3rKcrOivFlC', '2025-06-28 14:18:48.94', '2025-06-28 14:18:59.318', 'https://encrypted-tbn0.gstatic.com/images?q=tbn:ANd9GcTItQjUALs6-IkOWnOAMl8i3zrGqQWsaL5aVQ&s', 'someuserlol', 'eyJhbGciOiJIUzI1NiIsInR5cCI6IkpXVCJ9.eyJ1c2VySWQiOiJjbWNnYnR4YmYwMDRtaTYzaGFlMnFzcXpuIiwiaWF0IjoxNzUxMTIwMzM5LCJleHAiOjE3NTE3MjUxMzl9.6Jky7uSfkOjDnrV5cwYq1rv3EzN4tnTNajW_B_6YKKc');
INSERT INTO public."User" VALUES ('cmcgbv2wk004pi63h9a780lw6', 'bogixi1918@coasah.com', '$2b$10$2xBBV.dYpsIq95Un5RzxlevjHeTysSh/1EqgYxxU2jc.mw73SBZgm', '2025-06-28 14:19:42.837', '2025-06-28 14:19:50.462', 'https://encrypted-tbn0.gstatic.com/images?q=tbn:ANd9GcTItQjUALs6-IkOWnOAMl8i3zrGqQWsaL5aVQ&s', 'bogixi1918', 'eyJhbGciOiJIUzI1NiIsInR5cCI6IkpXVCJ9.eyJ1c2VySWQiOiJjbWNnYnYyd2swMDRwaTYzaDlhNzgwbHc2IiwiaWF0IjoxNzUxMTIwMzkwLCJleHAiOjE3NTE3MjUxOTB9.k_HTyPWEmBxUfEuZLfCuJez1R_Mirp7FL1WC31WP9gA');
INSERT INTO public."User" VALUES ('cmcgg3qow004vi63hd0sfhp9t', 'sohankumar2006@gmail.com', '$2b$10$/gerElCmb.7vgGc5iZev9eoi6Vc5NOHbWzID3zaKVH21ueuvtgTrG', '2025-06-28 16:18:25.377', '2025-06-28 16:18:50.677', 'https://encrypted-tbn0.gstatic.com/images?q=tbn:ANd9GcTItQjUALs6-IkOWnOAMl8i3zrGqQWsaL5aVQ&s', 'SOHAN', 'eyJhbGciOiJIUzI1NiIsInR5cCI6IkpXVCJ9.eyJ1c2VySWQiOiJjbWNnZzNxb3cwMDR2aTYzaGQwc2ZocDl0IiwiaWF0IjoxNzUxMTI3NTMwLCJleHAiOjE3NTE3MzIzMzB9.cBKEZUWjefoHwqh3ez2ABRZwKRRU0LOzy2qv3xEdA5g');
INSERT INTO public."User" VALUES ('cmcgjq5od0005f740g23l6dqm', 'g@g.g', '$2b$10$m7ilX3/Q3zxEtzbmHEnzfOZx5a/ZHBEzvcri9BUpItfnbLGgZDXGO', '2025-06-28 17:59:50.078', '2025-06-28 18:00:03.079', 'https://encrypted-tbn0.gstatic.com/images?q=tbn:ANd9GcTItQjUALs6-IkOWnOAMl8i3zrGqQWsaL5aVQ&s', 'Tfx', 'eyJhbGciOiJIUzI1NiIsInR5cCI6IkpXVCJ9.eyJ1c2VySWQiOiJjbWNnanE1b2QwMDA1Zjc0MGcyM2w2ZHFtIiwiaWF0IjoxNzUxMTMzNjAzLCJleHAiOjE3NTE3Mzg0MDN9.7dCSgboplzv9fMVu1TMsyt1JL1fogL2uq1yoeTatdmw');
INSERT INTO public."User" VALUES ('cmcgji96d0002f7406kfwtkpf', 'cha1nsaw@gmail.com', '$2b$10$ESvsptYvy95P1sZqPdw0jOCOfS4XlbGl3fjJyj.jdpVbQzDofIY3K', '2025-06-28 17:53:41.365', '2025-06-28 17:54:03.449', 'https://encrypted-tbn0.gstatic.com/images?q=tbn:ANd9GcTItQjUALs6-IkOWnOAMl8i3zrGqQWsaL5aVQ&s', 'cha1nsaw', 'eyJhbGciOiJIUzI1NiIsInR5cCI6IkpXVCJ9.eyJ1c2VySWQiOiJjbWNnamk5NmQwMDAyZjc0MDZrZnd0a3BmIiwiaWF0IjoxNzUxMTMzMjQzLCJleHAiOjE3NTE3MzgwNDN9.H_JzXdrgiNFByTaUl_-04lH92EKndAxGjrCgDsekw-w');
INSERT INTO public."User" VALUES ('cmcgkqhfm0006f74085l2gcrn', 'aayushpa2005@gmail.com', '$2b$10$lhxiHF.Cum/8j1mN0zk.6eowAkeMAccO36jhJMJ.7rc4TBoBcav.G', '2025-06-28 18:28:04.931', '2025-06-28 18:28:17.646', 'https://encrypted-tbn0.gstatic.com/images?q=tbn:ANd9GcTItQjUALs6-IkOWnOAMl8i3zrGqQWsaL5aVQ&s', 'ap2005', 'eyJhbGciOiJIUzI1NiIsInR5cCI6IkpXVCJ9.eyJ1c2VySWQiOiJjbWNna3FoZm0wMDA2Zjc0MDg1bDJnY3JuIiwiaWF0IjoxNzUxMTM1Mjk3LCJleHAiOjE3NTE3NDAwOTd9.4aExVJN4Si3ESr-V4Mq_r9XkUp7GMxMJvEVZhCexW00');
INSERT INTO public."User" VALUES ('cmcgb01e60044i63hyaizefu7', 'testguy@gmail.com', '$2b$10$Ond6vp0SVBlX6JotK/6uY.eArbzDfzAfJXXFce/NgUfvPQUdSvaGu', '2025-06-28 13:55:34.543', '2025-06-29 05:19:49.8', 'https://encrypted-tbn0.gstatic.com/images?q=tbn:ANd9GcTItQjUALs6-IkOWnOAMl8i3zrGqQWsaL5aVQ&s', 'NoErrorWhenUsernameExists', 'eyJhbGciOiJIUzI1NiIsInR5cCI6IkpXVCJ9.eyJ1c2VySWQiOiJjbWNnYjAxZTYwMDQ0aTYzaHlhaXplZnU3IiwiaWF0IjoxNzUxMTc0Mzg5LCJleHAiOjE3NTE3NzkxODl9.DN8i9lTI9HyzXHhbQELwafuVTmpyV5t65LaL8Yw5Uvg');
INSERT INTO public."User" VALUES ('cmcglnyra000ff7402xqm0pgi', 'abx@gmail.com', '$2b$10$YG9vOjOo9Sl0cU1LuJBAvOAZL8F1b2biy3hxGl/IdkfHwXyud1/U.', '2025-06-28 18:54:07.031', '2025-06-28 18:54:28.51', 'https://encrypted-tbn0.gstatic.com/images?q=tbn:ANd9GcTItQjUALs6-IkOWnOAMl8i3zrGqQWsaL5aVQ&s', 'a', 'eyJhbGciOiJIUzI1NiIsInR5cCI6IkpXVCJ9.eyJ1c2VySWQiOiJjbWNnbG55cmEwMDBmZjc0MDJ4cW0wcGdpIiwiaWF0IjoxNzUxMTM2ODY4LCJleHAiOjE3NTE3NDE2Njh9.IJ0btEug2eHVhN_OsOZjZjTZ5qfperd62TllGZXYcm8');
INSERT INTO public."User" VALUES ('cmcglooax000gf740236xykim', 'Phisher2005@gmail.com', '$2b$10$pzF/p/WIWQGyV.ANgzB/LOSyjtKHOeNJ4BSl48mSwG8sXUry4d.fu', '2025-06-28 18:54:40.138', '2025-06-28 18:54:59.83', 'https://encrypted-tbn0.gstatic.com/images?q=tbn:ANd9GcTItQjUALs6-IkOWnOAMl8i3zrGqQWsaL5aVQ&s', 'Johnnie Doohe', 'eyJhbGciOiJIUzI1NiIsInR5cCI6IkpXVCJ9.eyJ1c2VySWQiOiJjbWNnbG9vYXgwMDBnZjc0MDIzNnh5a2ltIiwiaWF0IjoxNzUxMTM2ODk5LCJleHAiOjE3NTE3NDE2OTl9.leaV7RYt9zLurpl2wDqze4T24JqwaU7SH4OvHVnX0oo');
INSERT INTO public."User" VALUES ('cmcgnjp9e000nf740pqxg5djs', 'a@a.com', '$2b$10$5062n0eKTtfCu4MgygEdkuus94i631D6sCCsG8aVCC9NSN9Nz73LO', '2025-06-28 19:46:47.331', '2025-06-28 19:46:47.331', 'https://encrypted-tbn0.gstatic.com/images?q=tbn:ANd9GcTItQjUALs6-IkOWnOAMl8i3zrGqQWsaL5aVQ&s', 's', NULL);
INSERT INTO public."User" VALUES ('cmcgnkiqi000of740ra2q6dsn', 'a@bcne.com', '$2b$10$YQFF4SOx4RFHWcefrJiKP.4TLGdb4LeFjl6DW6c5xDRvN/OAoo6Dy', '2025-06-28 19:47:25.53', '2025-06-28 19:47:25.53', 'https://encrypted-tbn0.gstatic.com/images?q=tbn:ANd9GcTItQjUALs6-IkOWnOAMl8i3zrGqQWsaL5aVQ&s', 'abcne', NULL);
INSERT INTO public."User" VALUES ('cmchxw4ji0014f740l0a06abg', 'ayushbite@gmail.com', '$2b$10$2Zu9KBKNYjUhgeOmb42Cm.EKCO9SyXw1t6Wn8.tvEMU1igVkIa0Ru', '2025-06-29 17:24:09.342', '2025-06-29 17:24:34.161', 'https://encrypted-tbn0.gstatic.com/images?q=tbn:ANd9GcTItQjUALs6-IkOWnOAMl8i3zrGqQWsaL5aVQ&s', 'ayushbite', 'eyJhbGciOiJIUzI1NiIsInR5cCI6IkpXVCJ9.eyJ1c2VySWQiOiJjbWNoeHc0amkwMDE0Zjc0MGwwYTA2YWJnIiwiaWF0IjoxNzUxMjE3ODc0LCJleHAiOjE3NTE4MjI2NzR9.fLpJr1I2ocntAp6JiGGWZZqI-UWCmAcKU-Rs-gx62zs');
INSERT INTO public."User" VALUES ('cmcgpjrs1000pf740owbc2ta1', 'asd@gmail.com', '$2b$10$2CZ/pgBx7QJdsAn6H0ob1uQyTtxrYMcmjir1xZbNwuRDjt6HWIBbq', '2025-06-28 20:42:49.825', '2025-06-28 20:43:23.47', 'https://encrypted-tbn0.gstatic.com/images?q=tbn:ANd9GcTItQjUALs6-IkOWnOAMl8i3zrGqQWsaL5aVQ&s', 'asd', NULL);
INSERT INTO public."User" VALUES ('cmcgvcbe5000sf7408wtnv8wk', 'hhgg@hkh.xom', '$2b$10$LhxlKEQxIxHtkZHuzReWb.ogv95OaicBR5hQJhsvqpIrcc4zkp3vS', '2025-06-28 23:24:59.694', '2025-06-28 23:25:28.901', 'https://encrypted-tbn0.gstatic.com/images?q=tbn:ANd9GcTItQjUALs6-IkOWnOAMl8i3zrGqQWsaL5aVQ&s', 'Hjj', 'eyJhbGciOiJIUzI1NiIsInR5cCI6IkpXVCJ9.eyJ1c2VySWQiOiJjbWNndmNiZTUwMDBzZjc0MDh3dG52OHdrIiwiaWF0IjoxNzUxMTUzMTI4LCJleHAiOjE3NTE3NTc5Mjh9.kIcpo95kODU3P1T6UwMWMA62RjaOTPxNKXtWghc-mVA');
INSERT INTO public."User" VALUES ('cmchbfcxv000vf740h6jz7lff', 'paciko4154@exitbit.com', '$2b$10$quv/XujVEp9P..AE9tTrmO11kg7QowB/K7USvnWm6ENSrHk6J9QTu', '2025-06-29 06:55:15.524', '2025-06-29 06:55:28.419', 'https://encrypted-tbn0.gstatic.com/images?q=tbn:ANd9GcTItQjUALs6-IkOWnOAMl8i3zrGqQWsaL5aVQ&s', 'paciko4154', 'eyJhbGciOiJIUzI1NiIsInR5cCI6IkpXVCJ9.eyJ1c2VySWQiOiJjbWNoYmZjeHYwMDB2Zjc0MGg2ano3bGZmIiwiaWF0IjoxNzUxMTgwMTI4LCJleHAiOjE3NTE3ODQ5Mjh9.NCcbiUL5Wrm5ALfoENxm_tkrjArhu3HnyCAvPUJCaMk');
INSERT INTO public."User" VALUES ('cmchd5rk90010f740lyt2b387', 'rakesh@gmail.com', '$2b$10$XH6NaAQNoefGcOhZCJiDUeSxpACZfUMaQxJrriCcsMyD4kWkh13nC', '2025-06-29 07:43:47.146', '2025-06-29 07:44:10.472', 'https://encrypted-tbn0.gstatic.com/images?q=tbn:ANd9GcTItQjUALs6-IkOWnOAMl8i3zrGqQWsaL5aVQ&s', '123rakesh', 'eyJhbGciOiJIUzI1NiIsInR5cCI6IkpXVCJ9.eyJ1c2VySWQiOiJjbWNoZDVyazkwMDEwZjc0MGx5dDJiMzg3IiwiaWF0IjoxNzUxMTgzMDUwLCJleHAiOjE3NTE3ODc4NTB9.xkMI2yP_CsA48cl-nxvehnmX0FZdi_ZFq6st-45L358');
INSERT INTO public."User" VALUES ('cmcsqbl3u0002fs3zkqq12c1f', '2021ceb1003@iitrpr.ac.in', '$2b$10$91bawcz8Ddy9EFx40MuuKOcrOXZjfmRlBvtvsRGFCRAxTu1CBmGU2', '2025-07-07 06:37:41.659', '2025-07-07 06:38:01.809', 'https://encrypted-tbn0.gstatic.com/images?q=tbn:ANd9GcTItQjUALs6-IkOWnOAMl8i3zrGqQWsaL5aVQ&s', 'Abhishek', 'eyJhbGciOiJIUzI1NiIsInR5cCI6IkpXVCJ9.eyJ1c2VySWQiOiJjbWNzcWJsM3UwMDAyZnMzemtxcTEyYzFmIiwiaWF0IjoxNzUxODcwMjgxLCJleHAiOjE3NTI0NzUwODF9.m1MI3964giC6k7KUAnyR_e-boEM35MmR8w3pQRYtWVQ');
INSERT INTO public."User" VALUES ('cmcney1050000d43gxfrzsv3z', '2021meb1333@iitrpr.ac.in', '$2b$10$vdr9WPhxZE8j4dfClPRJmep7He2o.E0CewLe6.7B8VHnmHcIeUQSa', '2025-07-03 13:20:22.422', '2025-07-03 13:20:39.502', 'https://encrypted-tbn0.gstatic.com/images?q=tbn:ANd9GcTItQjUALs6-IkOWnOAMl8i3zrGqQWsaL5aVQ&s', 'User3', 'eyJhbGciOiJIUzI1NiIsInR5cCI6IkpXVCJ9.eyJ1c2VySWQiOiJjbWNuZXkxMDUwMDAwZDQzZ3hmcnpzdjN6IiwiaWF0IjoxNzUxNTQ4ODM5LCJleHAiOjE3NTIxNTM2Mzl9.HEbivZLzpCxGVnHlt-TRhPl7s2ZSOdTaIU07p_I2Xe8');
INSERT INTO public."User" VALUES ('cmchjtg4o0011f740n9ldgf41', 'cegex16131@iridales.com', '$2b$10$P/Mn.Sw6vZZYwlNxadSIze00sOzP2FQEgqDPuxTH8dp3lEWOzIoWy', '2025-06-29 10:50:09.769', '2025-06-29 10:52:38.532', 'https://encrypted-tbn0.gstatic.com/images?q=tbn:ANd9GcTItQjUALs6-IkOWnOAMl8i3zrGqQWsaL5aVQ&s', 'random', NULL);
INSERT INTO public."User" VALUES ('cmcoveu620001d43gzf7eh1ks', 'hofuwyqyq@mailinator.com', '$2b$10$bwls4PEn9lFglUAq8DOBdeYvdKzK0PfEKHuNvfZPd1xZR54.b7IDS', '2025-07-04 13:49:06.746', '2025-07-04 13:49:06.746', 'https://encrypted-tbn0.gstatic.com/images?q=tbn:ANd9GcTItQjUALs6-IkOWnOAMl8i3zrGqQWsaL5aVQ&s', 'Corporis et quis aut', NULL);
INSERT INTO public."User" VALUES ('cmctkii7p0006ci3hjmleshpj', 'absbsbsb@123', '$2b$10$4U1lytGKyCOdH8lJJCoUAOPXovoX.wXEDkr9OjQu5P1Ros7WFbTKa', '2025-07-07 20:42:52.982', '2025-07-07 20:42:52.982', 'https://encrypted-tbn0.gstatic.com/images?q=tbn:ANd9GcTItQjUALs6-IkOWnOAMl8i3zrGqQWsaL5aVQ&s', 'Aabhas', NULL);
INSERT INTO public."User" VALUES ('cmct0grzf000wfs3zk9ue41bq', 'ADMIN@GMAIL.COM', '$2b$10$PXCT7bzqyy4Fh9jJwQwPBOsMGQfpi5s7drc7jmpWUddKgT.qkGs8W', '2025-07-07 11:21:40.011', '2025-07-07 11:27:33.71', 'https://encrypted-tbn0.gstatic.com/images?q=tbn:ANd9GcTItQjUALs6-IkOWnOAMl8i3zrGqQWsaL5aVQ&s', 'Admin', NULL);
INSERT INTO public."User" VALUES ('cmct23ah9001ifs3zos7avxnz', 'piyushiitrpr1@gmail.com', '$2b$10$yue8tIZP2YIVxEx2fDTQK.ntblvTjpHqlrWwuXf64SOK.RHm0imp2', '2025-07-07 12:07:10.029', '2025-07-07 12:07:38.379', 'https://encrypted-tbn0.gstatic.com/images?q=tbn:ANd9GcTItQjUALs6-IkOWnOAMl8i3zrGqQWsaL5aVQ&s', 'Piyushpanda', 'eyJhbGciOiJIUzI1NiIsInR5cCI6IkpXVCJ9.eyJ1c2VySWQiOiJjbWN0MjNhaDkwMDFpZnMzem9zN2F2eG56IiwiaWF0IjoxNzUxODkwMDU4LCJleHAiOjE3NTI0OTQ4NTh9.X2aVSXEH5uuUvrmS0vR1ljir2pXrX75NRy7RCi-D4TE');
INSERT INTO public."User" VALUES ('cmctkja6v0008ci3hchzluhkj', 'abc@123', '$2b$10$tcuJvQVAuSLhZOXLhHJXEOuLB2TEmvyPitT71Rk9HRni3CL0U4SnO', '2025-07-07 20:43:29.24', '2025-07-07 20:43:41.074', 'https://encrypted-tbn0.gstatic.com/images?q=tbn:ANd9GcTItQjUALs6-IkOWnOAMl8i3zrGqQWsaL5aVQ&s', 'abc123', 'eyJhbGciOiJIUzI1NiIsInR5cCI6IkpXVCJ9.eyJ1c2VySWQiOiJjbWN0a2phNnYwMDA4Y2kzaGNoemx1aGtqIiwiaWF0IjoxNzUxOTIxMDIxLCJleHAiOjE3NTI1MjU4MjF9.75eFjTUNoeoWqmaVD04HoB4vyY6NLaKFyamxceKe0Tk');
INSERT INTO public."User" VALUES ('cmd288uss000bci3hl2nhkndr', 'test@test.com', '$2b$10$xOUoTBs68kFl/75qbkzYnOyAguHpngXwd7T.LazNuZ5xyDKZL7HeS', '2025-07-13 22:09:22.924', '2025-07-13 22:09:33.367', 'https://encrypted-tbn0.gstatic.com/images?q=tbn:ANd9GcTItQjUALs6-IkOWnOAMl8i3zrGqQWsaL5aVQ&s', 'test', 'eyJhbGciOiJIUzI1NiIsInR5cCI6IkpXVCJ9.eyJ1c2VySWQiOiJjbWQyODh1c3MwMDBiY2kzaGwybmhrbmRyIiwiaWF0IjoxNzUyNDQ0NTczLCJleHAiOjE3NTMwNDkzNzN9.noaP39F3APXGV5BDz4zs4buVu9ZCeTIiajgi9k_TE8w');
INSERT INTO public."User" VALUES ('cmcovf6qi0002d43gk1q61haj', 'hupi@mailinator.com', '$2b$10$CtPvB6eIxR8L/xQuxGLXmuIZZmuaKw/Dxc25W1lnE0yPrOLxDtWYe', '2025-07-04 13:49:23.035', '2025-08-31 19:22:36.011', 'https://encrypted-tbn0.gstatic.com/images?q=tbn:ANd9GcTItQjUALs6-IkOWnOAMl8i3zrGqQWsaL5aVQ&s', 'Accusantium voluptat', NULL);
INSERT INTO public."User" VALUES ('cmd7izqzg0002fk3z30m115v7', 'ashusahilrana18@gmail.com', '$2b$10$F5HnSU/0ZbpJzr9wYSJT6Oc7PVPJELJdpJbYSah2Oc1.NBBbTeXXW', '2025-07-17 15:09:04.731', '2025-07-17 15:10:04.736', 'https://encrypted-tbn0.gstatic.com/images?q=tbn:ANd9GcTItQjUALs6-IkOWnOAMl8i3zrGqQWsaL5aVQ&s', 'Sahil', 'eyJhbGciOiJIUzI1NiIsInR5cCI6IkpXVCJ9.eyJ1c2VySWQiOiJjbWQ3aXpxemcwMDAyZmszejMwbTExNXY3IiwiaWF0IjoxNzUyNzY1MDA0LCJleHAiOjE3NTMzNjk4MDR9.ikDe2sPKBfGK6T7Sc9uXXxHJbfmVRAhUccxxQmW7zZA');
INSERT INTO public."User" VALUES ('cmcso19co0000fs3z9dsofzy9', '2021ceb1013@iitrpr.ac.in', '$2b$10$SKMn1qsX61eo9vVAymMFRuPpLj7RZ7ydn9fkhGAridyF/BsiOmEmm', '2025-07-07 05:33:40.633', '2025-10-04 14:12:22.238', 'http://res.cloudinary.com/ashishrana/image/upload/v1753682058/public/avatar-1753682058398-894950388.jpg', 'ranaji18', 'eyJhbGciOiJIUzI1NiIsInR5cCI6IkpXVCJ9.eyJ1c2VySWQiOiJjbWNzbzE5Y28wMDAwZnMzejlkc29menk5IiwiaWF0IjoxNzU5NTg3MTQyLCJleHAiOjE3NjAxOTE5NDJ9.EEvCObotaauGFKKnCai3njfgEYwldt9piXk7zzs8m_4');
INSERT INTO public."User" VALUES ('cmffunzzp0001g83hz5oqjdos', 'gg@gmail.com', '$2b$10$7w36zygoANd/FAkCkYSS/.9wJFgubrfhaOJ7Zzkm0Y7mrI/UKElpS', '2025-09-11 20:17:26.005', '2025-09-11 20:17:34.88', 'https://encrypted-tbn0.gstatic.com/images?q=tbn:ANd9GcTItQjUALs6-IkOWnOAMl8i3zrGqQWsaL5aVQ&s', 'gg_22', 'eyJhbGciOiJIUzI1NiIsInR5cCI6IkpXVCJ9.eyJ1c2VySWQiOiJjbWZmdW56enAwMDAxZzgzaHo1b3FqZG9zIiwiaWF0IjoxNzU3NjIxODU0LCJleHAiOjE3NTgyMjY2NTR9.XRgI_sz8xEuYUvJDP8QX3MzCdxFs6AV6l0ZMEw4AAAI');
INSERT INTO public."User" VALUES ('cmfil7i850000ga3ieebpyiie', 'gaurav@gmail.com', '$2b$10$If3VpAB0NLZDZC0GNREkreCpTfC7HvkuW9UjY6Qq5PgpaoADfptca', '2025-09-13 18:15:58.47', '2025-09-13 18:16:10.14', 'https://encrypted-tbn0.gstatic.com/images?q=tbn:ANd9GcTItQjUALs6-IkOWnOAMl8i3zrGqQWsaL5aVQ&s', 'gaurav', 'eyJhbGciOiJIUzI1NiIsInR5cCI6IkpXVCJ9.eyJ1c2VySWQiOiJjbWZpbDdpODUwMDAwZ2EzaWVlYnB5aWllIiwiaWF0IjoxNzU3Nzg3MzcwLCJleHAiOjE3NTgzOTIxNzB9.9uvQyv2DNBzs7jewMVAYMt0eSlnMA-1yig7JN1U7mh0');
INSERT INTO public."User" VALUES ('cmfil8sfa0001ga3i8thvbknc', 'shiven@gmail.com', '$2b$10$3h75xyiej3O12rwEh.YtCe6.ZovNqjtYgO7hh63/RnmzTOLeXlSKO', '2025-09-13 18:16:58.343', '2025-09-13 18:17:12.75', 'https://encrypted-tbn0.gstatic.com/images?q=tbn:ANd9GcTItQjUALs6-IkOWnOAMl8i3zrGqQWsaL5aVQ&s', 'shiven', 'eyJhbGciOiJIUzI1NiIsInR5cCI6IkpXVCJ9.eyJ1c2VySWQiOiJjbWZpbDhzZmEwMDAxZ2EzaTh0aHZia25jIiwiaWF0IjoxNzU3Nzg3NDMyLCJleHAiOjE3NTgzOTIyMzJ9.Mkeh20H1hKRZiKu3wCqSRLpMbzwuqHjCe8mylXaUXLo');
INSERT INTO public."User" VALUES ('cmflim07l0006ga3iwsi64nl1', 'sharmarohan2507@gmail.com', '$2b$10$XyBjOUKrLWuYH9V1xsaWduEFYWi/iHcrDwBuel.Q0G6qgN9G5ga/u', '2025-09-15 19:26:34.642', '2025-09-15 19:26:34.642', 'https://encrypted-tbn0.gstatic.com/images?q=tbn:ANd9GcTItQjUALs6-IkOWnOAMl8i3zrGqQWsaL5aVQ&s', 'rohnoan', NULL);
INSERT INTO public."User" VALUES ('cmgif8ndp0007ds27ke76vmh8', 'heavy@gmail.com', '$2b$10$8xq5z/JAEkNV4Gx.EQYNzuzlJaDxxoe086p3DJc925WLCfwMzyC9O', '2025-10-08 20:08:36.446', '2025-10-08 20:09:48.005', 'http://res.cloudinary.com/ashishrana/image/upload/v1759954187/public/avatar-1759954186901-216556230.webp', 'D1234', 'eyJhbGciOiJIUzI1NiIsInR5cCI6IkpXVCJ9.eyJ1c2VySWQiOiJjbWdpZjhuZHAwMDA3ZHMyN2tlNzZ2bWg4IiwiaWF0IjoxNzU5OTU0MTM5LCJleHAiOjE3NjA1NTg5Mzl9.XbE33AG6He3t_CrSEnDNqbRpDiznjPntiwyGBxTJRxo');
INSERT INTO public."User" VALUES ('cmgdunk8x0000ds27vzh22lqa', 'test123@gmail.com', '$2b$10$sJ4FGPieJ89S1ZuZSmtj1OG8OYFLWYeKaLTd2..zs/GVk/6h.dz7m', '2025-10-05 15:21:15.586', '2025-10-05 15:21:23.176', 'https://encrypted-tbn0.gstatic.com/images?q=tbn:ANd9GcTItQjUALs6-IkOWnOAMl8i3zrGqQWsaL5aVQ&s', 'test123', 'eyJhbGciOiJIUzI1NiIsInR5cCI6IkpXVCJ9.eyJ1c2VySWQiOiJjbWdkdW5rOHgwMDAwZHMyN3Z6aDIybHFhIiwiaWF0IjoxNzU5Njc3NjgzLCJleHAiOjE3NjAyODI0ODN9.2nwaEFC-yB78ow-uVQbfcqPRevh-vbcHyX3rCz3t9QM');
INSERT INTO public."User" VALUES ('cmcsov99q0001fs3zv2085qet', 'ashishrana1805@gmail.com', '$2b$10$/4S.rikkOXpoNulxFIa3pewz.klUqbt6XpEqGvY8kv7s/aqWk5dx2', '2025-07-07 05:57:00.207', '2025-10-09 07:38:39.493', 'http://res.cloudinary.com/ashishrana/image/upload/v1751868220/public/avatar-1751868219150-419207566.jpg', 'ping app', 'eyJhbGciOiJIUzI1NiIsInR5cCI6IkpXVCJ9.eyJ1c2VySWQiOiJjbWNzb3Y5OXEwMDAxZnMzenYyMDg1cWV0IiwiaWF0IjoxNzU5OTk1NTE5LCJleHAiOjE3NjA2MDAzMTl9.NVBquHlhHV-CFHs091WwoX7dPhmP8CSp8-XA43cen-U');


--
-- Data for Name: ChatMember; Type: TABLE DATA; Schema: public; Owner: neondb_owner
--

INSERT INTO public."ChatMember" VALUES ('cmc085xbn0001ky3zhf5ofg7e', 'cmc085atz0000ky3zvumjrcrj', 'cmc07kzz00000cu3zjqqszzdocmc085atz0000ky3zvumjrcrj', '2025-06-17 07:51:51.539', NULL);
INSERT INTO public."ChatMember" VALUES ('cmc085xbn0002ky3z6bkkd35w', 'cmc07kzz00000cu3zjqqszzdo', 'cmc07kzz00000cu3zjqqszzdocmc085atz0000ky3zvumjrcrj', '2025-06-17 07:51:51.539', NULL);
INSERT INTO public."ChatMember" VALUES ('cmc0h8d8b0002ju3harvw0sno', 'cmc07kzz00000cu3zjqqszzdo', 'cmc07kzz00000cu3zjqqszzdocmc092y76000pky3z6thhhxf0', '2025-06-17 12:05:42.011', NULL);
INSERT INTO public."ChatMember" VALUES ('cmc0h8d8b0003ju3hmvj55hea', 'cmc092y76000pky3z6thhhxf0', 'cmc07kzz00000cu3zjqqszzdocmc092y76000pky3z6thhhxf0', '2025-06-17 12:05:42.011', NULL);
INSERT INTO public."ChatMember" VALUES ('cmc0k9ig60008hk3hdpgnxfc1', 'cmc085atz0000ky3zvumjrcrj', 'cmc0k9i6x0006hk3hs00h48vi', '2025-06-17 13:30:34.279', NULL);
INSERT INTO public."ChatMember" VALUES ('cmc0k9ijk000ahk3hr3xk5uz1', 'cmc0fe61q0000hj3hwylb3noo', 'cmc0k9i6x0006hk3hs00h48vi', '2025-06-17 13:30:34.4', NULL);
INSERT INTO public."ChatMember" VALUES ('cmc0k9imi000chk3hfa2dfgul', 'cmc092y76000pky3z6thhhxf0', 'cmc0k9i6x0006hk3hs00h48vi', '2025-06-17 13:30:34.506', NULL);
INSERT INTO public."ChatMember" VALUES ('cmc0k9ink000ehk3ho2xhr5qo', 'cmc07kzz00000cu3zjqqszzdo', 'cmc0k9i6x0006hk3hs00h48vi', '2025-06-17 13:30:34.544', NULL);
INSERT INTO public."ChatMember" VALUES ('cmc20yt9p0004il3ymhjypyka', 'cmc07kzz00000cu3zjqqszzdo', 'cmc07kzz00000cu3zjqqszzdocmc0fe61q0000hj3hwylb3noo', '2025-06-18 14:05:54.733', NULL);
INSERT INTO public."ChatMember" VALUES ('cmc20yt9p0005il3yzymxawzo', 'cmc0fe61q0000hj3hwylb3noo', 'cmc07kzz00000cu3zjqqszzdocmc0fe61q0000hj3hwylb3noo', '2025-06-18 14:05:54.733', NULL);
INSERT INTO public."ChatMember" VALUES ('cmc61xhew0004j33h4ry2fdao', 'cmc61wz7d0003j33h317fjfty', 'cmc61vlmy0002j33h2zs706p4cmc61wz7d0003j33h317fjfty', '2025-06-21 09:43:57.032', NULL);
INSERT INTO public."ChatMember" VALUES ('cmc61xhew0005j33h8cmt3vvu', 'cmc61vlmy0002j33h2zs706p4', 'cmc61vlmy0002j33h2zs706p4cmc61wz7d0003j33h317fjfty', '2025-06-21 09:43:57.032', NULL);
INSERT INTO public."ChatMember" VALUES ('cmc620kh4000cj33hnefx0dys', 'cmc61vlmy0002j33h2zs706p4', 'cmc092y76000pky3z6thhhxf0cmc61vlmy0002j33h2zs706p4', '2025-06-21 09:46:20.969', NULL);
INSERT INTO public."ChatMember" VALUES ('cmc620kh5000dj33h4q8jdl99', 'cmc092y76000pky3z6thhhxf0', 'cmc092y76000pky3z6thhhxf0cmc61vlmy0002j33h2zs706p4', '2025-06-21 09:46:20.969', NULL);
INSERT INTO public."ChatMember" VALUES ('cmc620tlk000gj33hjc8p2z01', 'cmc61vlmy0002j33h2zs706p4', 'cmc085atz0000ky3zvumjrcrjcmc61vlmy0002j33h2zs706p4', '2025-06-21 09:46:32.793', NULL);
INSERT INTO public."ChatMember" VALUES ('cmc620tlk000hj33hrcm49i6r', 'cmc085atz0000ky3zvumjrcrj', 'cmc085atz0000ky3zvumjrcrjcmc61vlmy0002j33h2zs706p4', '2025-06-21 09:46:32.793', NULL);
INSERT INTO public."ChatMember" VALUES ('cmc62ydhu000lj33haxdk2ola', 'cmc62xhs7000kj33hkv42sbeu', 'cmc61vlmy0002j33h2zs706p4cmc62xhs7000kj33hkv42sbeu', '2025-06-21 10:12:38.227', NULL);
INSERT INTO public."ChatMember" VALUES ('cmc62ydhu000mj33hsqeqlysv', 'cmc61vlmy0002j33h2zs706p4', 'cmc61vlmy0002j33h2zs706p4cmc62xhs7000kj33hkv42sbeu', '2025-06-21 10:12:38.227', NULL);
INSERT INTO public."ChatMember" VALUES ('cmc633brs000vj33hfgpujoym', 'cmc61vlmy0002j33h2zs706p4', 'cmc633bll000tj33h1lla3bhk', '2025-06-21 10:16:29.273', NULL);
INSERT INTO public."ChatMember" VALUES ('cmc633bu9000xj33hq1fhigdo', 'cmc61wz7d0003j33h317fjfty', 'cmc633bll000tj33h1lla3bhk', '2025-06-21 10:16:29.334', NULL);
INSERT INTO public."ChatMember" VALUES ('cmc633bvr000zj33hvau5aaow', 'cmc62xhs7000kj33hkv42sbeu', 'cmc633bll000tj33h1lla3bhk', '2025-06-21 10:16:29.416', NULL);
INSERT INTO public."ChatMember" VALUES ('cmcaqiwx90002dh3y0o7juj12', 'cmc07kzz00000cu3zjqqszzdo', 'cmc07kzz00000cu3zjqqszzdocmc61vlmy0002j33h2zs706p4', '2025-06-24 16:23:32.397', NULL);
INSERT INTO public."ChatMember" VALUES ('cmcaqiwx90003dh3y67tyv6xv', 'cmc61vlmy0002j33h2zs706p4', 'cmc07kzz00000cu3zjqqszzdocmc61vlmy0002j33h2zs706p4', '2025-06-24 16:23:32.397', NULL);
INSERT INTO public."ChatMember" VALUES ('cmcg1mj9t0003i63htc1tix52', 'cmcg1ltun0002i63hvbazvkg3', 'cmc61wz7d0003j33h317fjftycmcg1ltun0002i63hvbazvkg3', '2025-06-28 09:33:07.986', NULL);
INSERT INTO public."ChatMember" VALUES ('cmcg1mj9t0004i63hkbrnpg4k', 'cmc61wz7d0003j33h317fjfty', 'cmc61wz7d0003j33h317fjftycmcg1ltun0002i63hvbazvkg3', '2025-06-28 09:33:07.986', NULL);
INSERT INTO public."ChatMember" VALUES ('cmcg1xlq00008i63h2tz54upv', 'cmcg1wg410007i63h1glykk7k', 'cmc62xhs7000kj33hkv42sbeucmcg1wg410007i63h1glykk7k', '2025-06-28 09:41:44.376', NULL);
INSERT INTO public."ChatMember" VALUES ('cmcg1xlq00009i63hylvu26ur', 'cmc62xhs7000kj33hkv42sbeu', 'cmc62xhs7000kj33hkv42sbeucmcg1wg410007i63h1glykk7k', '2025-06-28 09:41:44.376', NULL);
INSERT INTO public."ChatMember" VALUES ('cmcg2btfo000ci63hxubnmswz', 'cmcg2au8b000bi63hdk39xlpb', 'cmcg1i6os0000i63h6sef8g7scmcg2au8b000bi63hdk39xlpb', '2025-06-28 09:52:47.556', NULL);
INSERT INTO public."ChatMember" VALUES ('cmcg2btfo000di63hq8sm2qo6', 'cmcg1i6os0000i63h6sef8g7s', 'cmcg1i6os0000i63h6sef8g7scmcg2au8b000bi63hdk39xlpb', '2025-06-28 09:52:47.556', NULL);
INSERT INTO public."ChatMember" VALUES ('cmcg2ymsg000ji63hmwp21kww', 'cmcg2y1wt000ii63hrsf7ejc2', 'cmcg29gzg000ai63hn2nsladbcmcg2y1wt000ii63hrsf7ejc2', '2025-06-28 10:10:32.032', NULL);
INSERT INTO public."ChatMember" VALUES ('cmcg2ymsg000ki63h631s4qqg', 'cmcg29gzg000ai63hn2nsladb', 'cmcg29gzg000ai63hn2nsladbcmcg2y1wt000ii63hrsf7ejc2', '2025-06-28 10:10:32.032', NULL);
INSERT INTO public."ChatMember" VALUES ('cmcg357s3000oi63hsq254qkm', 'cmcg33ce5000ni63h3fc7yr9p', 'cmcg1i6os0000i63h6sef8g7scmcg33ce5000ni63h3fc7yr9p', '2025-06-28 10:15:39.171', NULL);
INSERT INTO public."ChatMember" VALUES ('cmcg357s3000pi63hojhzqq51', 'cmcg1i6os0000i63h6sef8g7s', 'cmcg1i6os0000i63h6sef8g7scmcg33ce5000ni63h3fc7yr9p', '2025-06-28 10:15:39.171', NULL);
INSERT INTO public."ChatMember" VALUES ('cmcg3bkm7000vi63hdy51l0if', 'cmcg3apex000ui63hagxcxcy4', 'cmcg33ce5000ni63h3fc7yr9pcmcg3apex000ui63hagxcxcy4', '2025-06-28 10:20:35.744', NULL);
INSERT INTO public."ChatMember" VALUES ('cmcg3bkm7000wi63ht3xs5dqj', 'cmcg33ce5000ni63h3fc7yr9p', 'cmcg33ce5000ni63h3fc7yr9pcmcg3apex000ui63hagxcxcy4', '2025-06-28 10:20:35.744', NULL);
INSERT INTO public."ChatMember" VALUES ('cmcg3dtmq0012i63htpfior6x', 'cmcg3coos0011i63hxel9kki0', 'cmc61wz7d0003j33h317fjftycmcg3coos0011i63hxel9kki0', '2025-06-28 10:22:20.738', NULL);
INSERT INTO public."ChatMember" VALUES ('cmcg3dtmq0013i63hcfik4ufs', 'cmc61wz7d0003j33h317fjfty', 'cmc61wz7d0003j33h317fjftycmcg3coos0011i63hxel9kki0', '2025-06-28 10:22:20.738', NULL);
INSERT INTO public."ChatMember" VALUES ('cmcg3gyt90017i63hc7yyqtou', 'cmcg3fjcv0016i63h09ku2plo', 'cmc61wz7d0003j33h317fjftycmcg3fjcv0016i63h09ku2plo', '2025-06-28 10:24:47.421', NULL);
INSERT INTO public."ChatMember" VALUES ('cmcg3gyt90018i63hnk8j7mlp', 'cmc61wz7d0003j33h317fjfty', 'cmc61wz7d0003j33h317fjftycmcg3fjcv0016i63h09ku2plo', '2025-06-28 10:24:47.421', NULL);
INSERT INTO public."ChatMember" VALUES ('cmcg4k75v001gi63h4qijui7a', 'cmcg2m9iu000hi63huc1ilypx', 'cmcg4k6x2001ei63hmrgovqvq', '2025-06-28 10:55:17.827', NULL);
INSERT INTO public."ChatMember" VALUES ('cmcg4k77h001ii63hq7y5jv3c', 'cmcg4ihld001di63hbfr9bnwy', 'cmcg4k6x2001ei63hmrgovqvq', '2025-06-28 10:55:17.885', NULL);
INSERT INTO public."ChatMember" VALUES ('cmcg4pazz001ni63hypnml1sd', 'cmcg4ocnk001mi63hylruuu8r', 'cmcg29gzg000ai63hn2nsladbcmcg4ocnk001mi63hylruuu8r', '2025-06-28 10:59:16.079', NULL);
INSERT INTO public."ChatMember" VALUES ('cmcg4pazz001oi63hrybw0bu4', 'cmcg29gzg000ai63hn2nsladb', 'cmcg29gzg000ai63hn2nsladbcmcg4ocnk001mi63hylruuu8r', '2025-06-28 10:59:16.079', NULL);
INSERT INTO public."ChatMember" VALUES ('cmcg4wq2e001ui63hma45qeab', 'cmcg4vgst001si63hxvqh3ru1', 'cmc092y76000pky3z6thhhxf0cmcg4vgst001si63hxvqh3ru1', '2025-06-28 11:05:02.199', NULL);
INSERT INTO public."ChatMember" VALUES ('cmcg4wq2e001vi63hninhs39a', 'cmc092y76000pky3z6thhhxf0', 'cmc092y76000pky3z6thhhxf0cmcg4vgst001si63hxvqh3ru1', '2025-06-28 11:05:02.199', NULL);
INSERT INTO public."ChatMember" VALUES ('cmcg4xsc80020i63hf62r6f02', 'cmcg4vgst001si63hxvqh3ru1', 'cmcg2au8b000bi63hdk39xlpbcmcg4vgst001si63hxvqh3ru1', '2025-06-28 11:05:51.8', NULL);
INSERT INTO public."ChatMember" VALUES ('cmcg4xsc80021i63hv2d3mjd6', 'cmcg2au8b000bi63hdk39xlpb', 'cmcg2au8b000bi63hdk39xlpbcmcg4vgst001si63hxvqh3ru1', '2025-06-28 11:05:51.8', NULL);
INSERT INTO public."ChatMember" VALUES ('cmcg4yerw0027i63hlmss9578', 'cmcg4vgst001si63hxvqh3ru1', 'cmcg4vgst001si63hxvqh3ru1cmcg4vhzn001ti63he9xj7320', '2025-06-28 11:06:20.876', NULL);
INSERT INTO public."ChatMember" VALUES ('cmcg4yerw0028i63h226s4a3i', 'cmcg4vhzn001ti63he9xj7320', 'cmcg4vgst001si63hxvqh3ru1cmcg4vhzn001ti63he9xj7320', '2025-06-28 11:06:20.876', NULL);
INSERT INTO public."ChatMember" VALUES ('cmcg4ymai0029i63hzdpz9vz6', 'cmcg4vgst001si63hxvqh3ru1', 'cmc62xhs7000kj33hkv42sbeucmcg4vgst001si63hxvqh3ru1', '2025-06-28 11:06:30.618', NULL);
INSERT INTO public."ChatMember" VALUES ('cmcg4ymai002ai63hewjdedyo', 'cmc62xhs7000kj33hkv42sbeu', 'cmc62xhs7000kj33hkv42sbeucmcg4vgst001si63hxvqh3ru1', '2025-06-28 11:06:30.618', NULL);
INSERT INTO public."ChatMember" VALUES ('cmcg50coc002di63h8tblfi6p', 'cmcg4yerv0026i63he8zdogcz', 'cmcg4ihld001di63hbfr9bnwycmcg4yerv0026i63he8zdogcz', '2025-06-28 11:07:51.441', NULL);
INSERT INTO public."ChatMember" VALUES ('cmcg50coc002ei63h047c5nyj', 'cmcg4ihld001di63hbfr9bnwy', 'cmcg4ihld001di63hbfr9bnwycmcg4yerv0026i63he8zdogcz', '2025-06-28 11:07:51.441', NULL);
INSERT INTO public."ChatMember" VALUES ('cmcg50mwx002ji63h45a7jhqe', 'cmcg29gzg000ai63hn2nsladb', 'cmcg50mpp002hi63hi2vm1mvq', '2025-06-28 11:08:04.738', NULL);
INSERT INTO public."ChatMember" VALUES ('cmcg50mzm002li63ho8uvn0dv', 'cmc092y76000pky3z6thhhxf0', 'cmcg50mpp002hi63hi2vm1mvq', '2025-06-28 11:08:04.835', NULL);
INSERT INTO public."ChatMember" VALUES ('cmcg50n0g002ni63hjrsyyyyb', 'cmc6ai9sr0012j33hn47mny9u', 'cmcg50mpp002hi63hi2vm1mvq', '2025-06-28 11:08:04.864', NULL);
INSERT INTO public."ChatMember" VALUES ('cmcg50n1a002pi63hlspu7nj5', 'cmcg4vgst001si63hxvqh3ru1', 'cmcg50mpp002hi63hi2vm1mvq', '2025-06-28 11:08:04.894', NULL);
INSERT INTO public."ChatMember" VALUES ('cmcg708n50033i63hanuqkjhy', 'cmcg6z6ff0032i63hv46h6rtp', 'cmcg1ltun0002i63hvbazvkg3cmcg6z6ff0032i63hv46h6rtp', '2025-06-28 12:03:45.473', NULL);
INSERT INTO public."ChatMember" VALUES ('cmcg708n50034i63he20h7vju', 'cmcg1ltun0002i63hvbazvkg3', 'cmcg1ltun0002i63hvbazvkg3cmcg6z6ff0032i63hv46h6rtp', '2025-06-28 12:03:45.473', NULL);
INSERT INTO public."ChatMember" VALUES ('cmcg8moo0003ei63hyh9n33j1', 'cmcg8g8iy003ci63hvns8bd96', 'cmcg1j3qc0001i63h1dq0gm3qcmcg8g8iy003ci63hvns8bd96', '2025-06-28 12:49:12.289', NULL);
INSERT INTO public."ChatMember" VALUES ('cmcg8moo0003fi63hh8w0fm5u', 'cmcg1j3qc0001i63h1dq0gm3q', 'cmcg1j3qc0001i63h1dq0gm3qcmcg8g8iy003ci63hvns8bd96', '2025-06-28 12:49:12.289', NULL);
INSERT INTO public."ChatMember" VALUES ('cmcg9hfe4003gi63hra3smsq9', 'cmcg7xh38003ai63hkd1vl3km', 'cmc61wz7d0003j33h317fjftycmcg7xh38003ai63hkd1vl3km', '2025-06-28 13:13:06.605', NULL);
INSERT INTO public."ChatMember" VALUES ('cmcg9hfe4003hi63h2f62u4f9', 'cmc61wz7d0003j33h317fjfty', 'cmc61wz7d0003j33h317fjftycmcg7xh38003ai63hkd1vl3km', '2025-06-28 13:13:06.605', NULL);
INSERT INTO public."ChatMember" VALUES ('cmcgb4g1s0047i63hayfkxod6', 'cmcgb1rff0045i63hq46373m7', 'cmcgb01e60044i63hyaizefu7cmcgb1rff0045i63hq46373m7', '2025-06-28 13:59:00.161', NULL);
INSERT INTO public."ChatMember" VALUES ('cmcgb4g1s0048i63hu7a3cmkn', 'cmcgb01e60044i63hyaizefu7', 'cmcgb01e60044i63hyaizefu7cmcgb1rff0045i63hq46373m7', '2025-06-28 13:59:00.161', NULL);
INSERT INTO public."ChatMember" VALUES ('cmcgbuoxj004ni63hmxyszhqs', 'cmcgbtxbf004mi63hae2qsqzn', 'cmcgb01e60044i63hyaizefu7cmcgbtxbf004mi63hae2qsqzn', '2025-06-28 14:19:24.728', NULL);
INSERT INTO public."ChatMember" VALUES ('cmcgbuoxj004oi63hqixt7q2s', 'cmcgb01e60044i63hyaizefu7', 'cmcgb01e60044i63hyaizefu7cmcgbtxbf004mi63hae2qsqzn', '2025-06-28 14:19:24.728', NULL);
INSERT INTO public."ChatMember" VALUES ('cmcgbviwo004qi63hgvv1ibt5', 'cmcgbv2wk004pi63h9a780lw6', 'cmcg7di760037i63hk42dyklhcmcgbv2wk004pi63h9a780lw6', '2025-06-28 14:20:03.577', NULL);
INSERT INTO public."ChatMember" VALUES ('cmcgbviwo004ri63h1j3yaqvk', 'cmcg7di760037i63hk42dyklh', 'cmcg7di760037i63hk42dyklhcmcgbv2wk004pi63h9a780lw6', '2025-06-28 14:20:03.577', NULL);
INSERT INTO public."ChatMember" VALUES ('cmcgg5ivg004wi63hxf0n7l3z', 'cmcgg3qow004vi63hd0sfhp9t', 'cmc092y76000pky3z6thhhxf0cmcgg3qow004vi63hd0sfhp9t', '2025-06-28 16:19:48.556', NULL);
INSERT INTO public."ChatMember" VALUES ('cmcgg5ivg004xi63hbn1sugdm', 'cmc092y76000pky3z6thhhxf0', 'cmc092y76000pky3z6thhhxf0cmcgg3qow004vi63hd0sfhp9t', '2025-06-28 16:19:48.556', NULL);
INSERT INTO public."ChatMember" VALUES ('cmcgg66kr0050i63hatjxow8y', 'cmcgg3qow004vi63hd0sfhp9t', 'cmc61wz7d0003j33h317fjftycmcgg3qow004vi63hd0sfhp9t', '2025-06-28 16:20:19.275', NULL);
INSERT INTO public."ChatMember" VALUES ('cmcgg66kr0051i63hm4ppkxdy', 'cmc61wz7d0003j33h317fjfty', 'cmc61wz7d0003j33h317fjftycmcgg3qow004vi63hd0sfhp9t', '2025-06-28 16:20:19.275', NULL);
INSERT INTO public."ChatMember" VALUES ('cmcgjjt8b0003f740d81rvbao', 'cmcgji96d0002f7406kfwtkpf', 'cmcg4ug8g001ri63hzibubcbkcmcgji96d0002f7406kfwtkpf', '2025-06-28 17:54:54.011', NULL);
INSERT INTO public."ChatMember" VALUES ('cmcgjjt8b0004f7400e7bq0sw', 'cmcg4ug8g001ri63hzibubcbk', 'cmcg4ug8g001ri63hzibubcbkcmcgji96d0002f7406kfwtkpf', '2025-06-28 17:54:54.011', NULL);
INSERT INTO public."ChatMember" VALUES ('cmcgkqzpc0007f74080nw9twz', 'cmcgkqhfm0006f74085l2gcrn', 'cmcg4ocnk001mi63hylruuu8rcmcgkqhfm0006f74085l2gcrn', '2025-06-28 18:28:28.609', NULL);
INSERT INTO public."ChatMember" VALUES ('cmcgkqzpc0008f74030504jo0', 'cmcg4ocnk001mi63hylruuu8r', 'cmcg4ocnk001mi63hylruuu8rcmcgkqhfm0006f74085l2gcrn', '2025-06-28 18:28:28.609', NULL);
INSERT INTO public."ChatMember" VALUES ('cmcgks6dk000bf740uxluhl9u', 'cmcgkqhfm0006f74085l2gcrn', 'cmc61vlmy0002j33h2zs706p4cmcgkqhfm0006f74085l2gcrn', '2025-06-28 18:29:23.913', NULL);
INSERT INTO public."ChatMember" VALUES ('cmcgks6dl000cf74087wyiku1', 'cmc61vlmy0002j33h2zs706p4', 'cmc61vlmy0002j33h2zs706p4cmcgkqhfm0006f74085l2gcrn', '2025-06-28 18:29:23.913', NULL);
INSERT INTO public."ChatMember" VALUES ('cmcgloqa6000hf740nhu68l5m', 'cmcglnyra000ff7402xqm0pgi', 'cmc61vlmy0002j33h2zs706p4cmcglnyra000ff7402xqm0pgi', '2025-06-28 18:54:42.702', NULL);
INSERT INTO public."ChatMember" VALUES ('cmcgloqa6000if740zgejr48a', 'cmc61vlmy0002j33h2zs706p4', 'cmc61vlmy0002j33h2zs706p4cmcglnyra000ff7402xqm0pgi', '2025-06-28 18:54:42.702', NULL);
INSERT INTO public."ChatMember" VALUES ('cmcgpk9jt000qf740shagy7b6', 'cmcgpjrs1000pf740owbc2ta1', 'cmc61wz7d0003j33h317fjftycmcgpjrs1000pf740owbc2ta1', '2025-06-28 20:43:12.857', NULL);
INSERT INTO public."ChatMember" VALUES ('cmcgpk9jt000rf740n53sh9o8', 'cmc61wz7d0003j33h317fjfty', 'cmc61wz7d0003j33h317fjftycmcgpjrs1000pf740owbc2ta1', '2025-06-28 20:43:12.857', NULL);
INSERT INTO public."ChatMember" VALUES ('cmchbg2or000wf7405y4r98en', 'cmchbfcxv000vf740h6jz7lff', 'cmcg55n5w002zi63hdoppxhixcmchbfcxv000vf740h6jz7lff', '2025-06-29 06:55:48.892', NULL);
INSERT INTO public."ChatMember" VALUES ('cmchbg2or000xf740b9yee757', 'cmcg55n5w002zi63hdoppxhix', 'cmcg55n5w002zi63hdoppxhixcmchbfcxv000vf740h6jz7lff', '2025-06-29 06:55:48.892', NULL);
INSERT INTO public."ChatMember" VALUES ('cmchxywtp0019f740usn0iza8', 'cmchxw4ji0014f740l0a06abg', 'cmc61vlmy0002j33h2zs706p4cmchxw4ji0014f740l0a06abg', '2025-06-29 17:26:19.309', NULL);
INSERT INTO public."ChatMember" VALUES ('cmchxywtp001af740lt8spldi', 'cmc61vlmy0002j33h2zs706p4', 'cmc61vlmy0002j33h2zs706p4cmchxw4ji0014f740l0a06abg', '2025-06-29 17:26:19.309', NULL);
INSERT INTO public."ChatMember" VALUES ('cmcsx7jmp0003fs3ztg1ma7is', 'cmcso19co0000fs3z9dsofzy9', 'cmcso19co0000fs3z9dsofzy9cmcsqbl3u0002fs3zkqq12c1f', '2025-07-07 09:50:30.434', NULL);
INSERT INTO public."ChatMember" VALUES ('cmcsx7jmp0004fs3z562yjxm3', 'cmcsqbl3u0002fs3zkqq12c1f', 'cmcso19co0000fs3z9dsofzy9cmcsqbl3u0002fs3zkqq12c1f', '2025-07-07 09:50:30.434', NULL);
INSERT INTO public."ChatMember" VALUES ('cmcsxtku60009fs3ze0vhdrx2', 'cmc07kzz00000cu3zjqqszzdo', 'cmcsxtkni0007fs3z7xxqref3', '2025-07-07 10:07:38.43', NULL);
INSERT INTO public."ChatMember" VALUES ('cmcsxtkvu000bfs3z5or98uq4', 'cmcsov99q0001fs3zv2085qet', 'cmcsxtkni0007fs3z7xxqref3', '2025-07-07 10:07:38.491', NULL);
INSERT INTO public."ChatMember" VALUES ('cmcsxtkwp000dfs3zk9hjita9', 'cmcsqbl3u0002fs3zkqq12c1f', 'cmcsxtkni0007fs3z7xxqref3', '2025-07-07 10:07:38.521', NULL);
INSERT INTO public."ChatMember" VALUES ('cmcsxtkxk000ffs3z7u4n362k', 'cmcso19co0000fs3z9dsofzy9', 'cmcsxtkni0007fs3z7xxqref3', '2025-07-07 10:07:38.552', NULL);
INSERT INTO public."ChatMember" VALUES ('cmcsxvcqk000kfs3z25efowth', 'cmcso19co0000fs3z9dsofzy9', 'cmcso19co0000fs3z9dsofzy9cmcsov99q0001fs3zv2085qet', '2025-07-07 10:09:01.244', NULL);
INSERT INTO public."ChatMember" VALUES ('cmcsxvcqk000lfs3z2zbnve9c', 'cmcsov99q0001fs3zv2085qet', 'cmcso19co0000fs3z9dsofzy9cmcsov99q0001fs3zv2085qet', '2025-07-07 10:09:01.244', NULL);
INSERT INTO public."ChatMember" VALUES ('cmct0ivkf000xfs3z0u1nl6m5', 'cmct0grzf000wfs3zk9ue41bq', 'cmcsov99q0001fs3zv2085qetcmct0grzf000wfs3zk9ue41bq', '2025-07-07 11:23:17.968', NULL);
INSERT INTO public."ChatMember" VALUES ('cmct0ivkg000yfs3zsa0kz2ab', 'cmcsov99q0001fs3zv2085qet', 'cmcsov99q0001fs3zv2085qetcmct0grzf000wfs3zk9ue41bq', '2025-07-07 11:23:17.968', NULL);
INSERT INTO public."ChatMember" VALUES ('cmct0n4n40015fs3z9o7oo66n', 'cmcso19co0000fs3z9dsofzy9', 'cmct0n4c20013fs3zfn7meof7', '2025-07-07 11:26:36.353', NULL);
INSERT INTO public."ChatMember" VALUES ('cmct0n4os0017fs3zhr7qe3z3', 'cmcgvcbe5000sf7408wtnv8wk', 'cmct0n4c20013fs3zfn7meof7', '2025-07-07 11:26:36.413', NULL);
INSERT INTO public."ChatMember" VALUES ('cmct0n4pn0019fs3za8j2c1aq', 'cmcgdr8k6004ui63hhm6kfzui', 'cmct0n4c20013fs3zfn7meof7', '2025-07-07 11:26:36.443', NULL);
INSERT INTO public."ChatMember" VALUES ('cmct0n4qh001bfs3z7tff2s79', 'cmcg393cw000si63h0ryr1imw', 'cmct0n4c20013fs3zfn7meof7', '2025-07-07 11:26:36.473', NULL);
INSERT INTO public."ChatMember" VALUES ('cmct0n4rb001dfs3z525w8ezn', 'cmcg54ca7002yi63hzvq140up', 'cmct0n4c20013fs3zfn7meof7', '2025-07-07 11:26:36.504', NULL);
INSERT INTO public."ChatMember" VALUES ('cmct0n4s6001ffs3zdbhl3ejy', 'cmcg4vhzn001ti63he9xj7320', 'cmct0n4c20013fs3zfn7meof7', '2025-07-07 11:26:36.535', NULL);
INSERT INTO public."ChatMember" VALUES ('cmct0n4t1001hfs3zudjcpn23', 'cmct0grzf000wfs3zk9ue41bq', 'cmct0n4c20013fs3zfn7meof7', '2025-07-07 11:26:36.565', NULL);
INSERT INTO public."ChatMember" VALUES ('cmct24749001jfs3zoladk960', 'cmct23ah9001ifs3zos7avxnz', 'cmc61wz7d0003j33h317fjftycmct23ah9001ifs3zos7avxnz', '2025-07-07 12:07:52.33', NULL);
INSERT INTO public."ChatMember" VALUES ('cmct24749001kfs3z1ty7w54b', 'cmc61wz7d0003j33h317fjfty', 'cmc61wz7d0003j33h317fjftycmct23ah9001ifs3zos7avxnz', '2025-07-07 12:07:52.33', NULL);
INSERT INTO public."ChatMember" VALUES ('cmct24sdi001nfs3zij7twzsz', 'cmct23ah9001ifs3zos7avxnz', 'cmc61vlmy0002j33h2zs706p4cmct23ah9001ifs3zos7avxnz', '2025-07-07 12:08:19.878', NULL);
INSERT INTO public."ChatMember" VALUES ('cmct24sdi001ofs3zma00w6lu', 'cmc61vlmy0002j33h2zs706p4', 'cmc61vlmy0002j33h2zs706p4cmct23ah9001ifs3zos7avxnz', '2025-07-07 12:08:19.878', NULL);
INSERT INTO public."ChatMember" VALUES ('cmct6pxlg0000ci3hpvw8amh1', 'cmcso19co0000fs3z9dsofzy9', 'cmc62xhs7000kj33hkv42sbeucmcso19co0000fs3z9dsofzy9', '2025-07-07 14:16:44.885', NULL);
INSERT INTO public."ChatMember" VALUES ('cmct6pxlg0001ci3hru454u6o', 'cmc62xhs7000kj33hkv42sbeu', 'cmc62xhs7000kj33hkv42sbeucmcso19co0000fs3z9dsofzy9', '2025-07-07 14:16:44.885', NULL);
INSERT INTO public."ChatMember" VALUES ('cmct6ri9h0002ci3h0o16t4zm', 'cmcso19co0000fs3z9dsofzy9', 'cmcgdr8k6004ui63hhm6kfzuicmcso19co0000fs3z9dsofzy9', '2025-07-07 14:17:58.326', NULL);
INSERT INTO public."ChatMember" VALUES ('cmct6ri9h0003ci3hwtq6zlua', 'cmcgdr8k6004ui63hhm6kfzui', 'cmcgdr8k6004ui63hhm6kfzuicmcso19co0000fs3z9dsofzy9', '2025-07-07 14:17:58.326', NULL);
INSERT INTO public."ChatMember" VALUES ('cmct6t9ux0004ci3hmz1xv98i', 'cmcso19co0000fs3z9dsofzy9', 'cmcso19co0000fs3z9dsofzy9cmct23ah9001ifs3zos7avxnz', '2025-07-07 14:19:20.745', NULL);
INSERT INTO public."ChatMember" VALUES ('cmct6t9ux0005ci3hulkhsf2h', 'cmct23ah9001ifs3zos7avxnz', 'cmcso19co0000fs3z9dsofzy9cmct23ah9001ifs3zos7avxnz', '2025-07-07 14:19:20.745', NULL);
INSERT INTO public."ChatMember" VALUES ('cmd289hst000cci3hd6fujyve', 'cmd288uss000bci3hl2nhkndr', 'cmcgbt4qe004li63hyoaqy5urcmd288uss000bci3hl2nhkndr', '2025-07-13 22:09:52.734', NULL);
INSERT INTO public."ChatMember" VALUES ('cmd289hst000dci3hvmibypp2', 'cmcgbt4qe004li63hyoaqy5ur', 'cmcgbt4qe004li63hyoaqy5urcmd288uss000bci3hl2nhkndr', '2025-07-13 22:09:52.734', NULL);
INSERT INTO public."ChatMember" VALUES ('cmd28a55s000ici3hxb0i0q78', 'cmd288uss000bci3hl2nhkndr', 'cmcg2m9iu000hi63huc1ilypxcmd288uss000bci3hl2nhkndr', '2025-07-13 22:10:23.008', NULL);
INSERT INTO public."ChatMember" VALUES ('cmd28a55s000jci3h4edy9mm2', 'cmcg2m9iu000hi63huc1ilypx', 'cmcg2m9iu000hi63huc1ilypxcmd288uss000bci3hl2nhkndr', '2025-07-13 22:10:23.008', NULL);
INSERT INTO public."ChatMember" VALUES ('cmea0tun70008ho3hjcnyd16l', 'cmcso19co0000fs3z9dsofzy9', 'cmcg2fg8g000gi63hy4q2gia9cmcso19co0000fs3z9dsofzy9', '2025-08-13 13:43:37.316', NULL);
INSERT INTO public."ChatMember" VALUES ('cmea0tun70009ho3hntzctc42', 'cmcg2fg8g000gi63hy4q2gia9', 'cmcg2fg8g000gi63hy4q2gia9cmcso19co0000fs3z9dsofzy9', '2025-08-13 13:43:37.316', NULL);
INSERT INTO public."ChatMember" VALUES ('cmfil9ap40002ga3igyk29dof', 'cmfil7i850000ga3ieebpyiie', 'cmfil7i850000ga3ieebpyiiecmfil8sfa0001ga3i8thvbknc', '2025-09-13 18:17:22.024', NULL);
INSERT INTO public."ChatMember" VALUES ('cmfil9ap40003ga3iuu0nncfk', 'cmfil8sfa0001ga3i8thvbknc', 'cmfil7i850000ga3ieebpyiiecmfil8sfa0001ga3i8thvbknc', '2025-09-13 18:17:22.024', NULL);
INSERT INTO public."ChatMember" VALUES ('cmg7wevde000ega3hnnjl5pmk', 'cmcsov99q0001fs3zv2085qet', 'cmcg6z6ff0032i63hv46h6rtpcmcsov99q0001fs3zv2085qet', '2025-10-01 11:23:52.274', NULL);
INSERT INTO public."ChatMember" VALUES ('cmg7wevde000fga3h3quxk1l4', 'cmcg6z6ff0032i63hv46h6rtp', 'cmcg6z6ff0032i63hv46h6rtpcmcsov99q0001fs3zv2085qet', '2025-10-01 11:23:52.274', NULL);
INSERT INTO public."ChatMember" VALUES ('cmgduo52w0001ds27evpwp54l', 'cmgdunk8x0000ds27vzh22lqa', 'cmcg3coos0011i63hxel9kki0cmgdunk8x0000ds27vzh22lqa', '2025-10-05 15:21:42.584', NULL);
INSERT INTO public."ChatMember" VALUES ('cmgduo52w0002ds27sjj8qq9g', 'cmcg3coos0011i63hxel9kki0', 'cmcg3coos0011i63hxel9kki0cmgdunk8x0000ds27vzh22lqa', '2025-10-05 15:21:42.584', NULL);
INSERT INTO public."ChatMember" VALUES ('cmgifau6t0008ds27iucu3oei', 'cmgif8ndp0007ds27ke76vmh8', 'cmc61vlmy0002j33h2zs706p4cmgif8ndp0007ds27ke76vmh8', '2025-10-08 20:10:18.581', NULL);
INSERT INTO public."ChatMember" VALUES ('cmgifau6t0009ds27t57bxpbi', 'cmc61vlmy0002j33h2zs706p4', 'cmc61vlmy0002j33h2zs706p4cmgif8ndp0007ds27ke76vmh8', '2025-10-08 20:10:18.581', NULL);


--
-- Data for Name: Message; Type: TABLE DATA; Schema: public; Owner: neondb_owner
--

INSERT INTO public."Message" VALUES ('cmc08600n0004ky3z2ddqxtwq', 'hello', 'cmc085atz0000ky3zvumjrcrj', 'cmc07kzz00000cu3zjqqszzdocmc085atz0000ky3zvumjrcrj', '2025-06-17 07:51:55.031');
INSERT INTO public."Message" VALUES ('cmc0869zq0006ky3zk7301dr2', 'its working fine', 'cmc085atz0000ky3zvumjrcrj', 'cmc07kzz00000cu3zjqqszzdocmc085atz0000ky3zvumjrcrj', '2025-06-17 07:52:07.959');
INSERT INTO public."Message" VALUES ('cmc086nsv0008ky3z1wopr0um', 'yess.', 'cmc07kzz00000cu3zjqqszzdo', 'cmc07kzz00000cu3zjqqszzdocmc085atz0000ky3zvumjrcrj', '2025-06-17 07:52:25.855');
INSERT INTO public."Message" VALUES ('cmc086put000aky3z3cf4bpra', 'i think so ', 'cmc07kzz00000cu3zjqqszzdo', 'cmc07kzz00000cu3zjqqszzdocmc085atz0000ky3zvumjrcrj', '2025-06-17 07:52:28.517');
INSERT INTO public."Message" VALUES ('cmc088jfy000cky3zwly52je4', 'yess bro', 'cmc07kzz00000cu3zjqqszzdo', 'cmc07kzz00000cu3zjqqszzdocmc085atz0000ky3zvumjrcrj', '2025-06-17 07:53:53.519');
INSERT INTO public."Message" VALUES ('cmc089310000eky3zt71ep55b', 'what are you doing ', 'cmc07kzz00000cu3zjqqszzdo', 'cmc07kzz00000cu3zjqqszzdocmc085atz0000ky3zvumjrcrj', '2025-06-17 07:54:18.84');
INSERT INTO public."Message" VALUES ('cmc08a1fv000gky3zy5dt6w2t', 'nothing ', 'cmc085atz0000ky3zvumjrcrj', 'cmc07kzz00000cu3zjqqszzdocmc085atz0000ky3zvumjrcrj', '2025-06-17 07:55:03.47');
INSERT INTO public."Message" VALUES ('cmc08a4r9000iky3z03zhji5c', 'ya', 'cmc07kzz00000cu3zjqqszzdo', 'cmc07kzz00000cu3zjqqszzdocmc085atz0000ky3zvumjrcrj', '2025-06-17 07:55:07.798');
INSERT INTO public."Message" VALUES ('cmc08hd9y000kky3zx8za8hza', 'Hello bro', 'cmc085atz0000ky3zvumjrcrj', 'cmc07kzz00000cu3zjqqszzdocmc085atz0000ky3zvumjrcrj', '2025-06-17 08:00:45.431');
INSERT INTO public."Message" VALUES ('cmc08hozw000mky3zjcknwp3r', 'How are tou', 'cmc085atz0000ky3zvumjrcrj', 'cmc07kzz00000cu3zjqqszzdocmc085atz0000ky3zvumjrcrj', '2025-06-17 08:01:00.591');
INSERT INTO public."Message" VALUES ('cmc08l8vq000oky3zucpu1hji', 'yess bro , what are you doing', 'cmc07kzz00000cu3zjqqszzdo', 'cmc07kzz00000cu3zjqqszzdocmc085atz0000ky3zvumjrcrj', '2025-06-17 08:03:46.329');
INSERT INTO public."Message" VALUES ('cmc0h7epz0001ju3h6saub1bg', 'Hello bro ', 'cmc07kzz00000cu3zjqqszzdo', 'cmc07kzz00000cu3zjqqszzdocmc085atz0000ky3zvumjrcrj', '2025-06-17 12:04:57.252');
INSERT INTO public."Message" VALUES ('cmc0h8fzw0005ju3h1qxchx5f', 'Hello', 'cmc07kzz00000cu3zjqqszzdo', 'cmc07kzz00000cu3zjqqszzdocmc092y76000pky3z6thhhxf0', '2025-06-17 12:05:45.597');
INSERT INTO public."Message" VALUES ('cmc0h8k570007ju3h2r4bt8rv', '🐉', 'cmc07kzz00000cu3zjqqszzdo', 'cmc07kzz00000cu3zjqqszzdocmc092y76000pky3z6thhhxf0', '2025-06-17 12:05:50.971');
INSERT INTO public."Message" VALUES ('cmc0k08h40001hk3hfzplwd08', 'Hello', 'cmc07kzz00000cu3zjqqszzdo', 'cmc07kzz00000cu3zjqqszzdocmc085atz0000ky3zvumjrcrj', '2025-06-17 13:23:21.448');
INSERT INTO public."Message" VALUES ('cmc0k0dgs0003hk3hfifhtklo', 'Nice', 'cmc085atz0000ky3zvumjrcrj', 'cmc07kzz00000cu3zjqqszzdocmc085atz0000ky3zvumjrcrj', '2025-06-17 13:23:27.753');
INSERT INTO public."Message" VALUES ('cmc0k8cg50005hk3hka1q5hsa', '1', 'cmc085atz0000ky3zvumjrcrj', 'cmc07kzz00000cu3zjqqszzdocmc085atz0000ky3zvumjrcrj', '2025-06-17 13:29:39.845');
INSERT INTO public."Message" VALUES ('cmc0k9w14000ghk3hiyuwz9kd', 'Hi babies', 'cmc085atz0000ky3zvumjrcrj', 'cmc0k9i6x0006hk3hs00h48vi', '2025-06-17 13:30:51.832');
INSERT INTO public."Message" VALUES ('cmc0ka2ow000ihk3h0p5zw0qz', 'Lan lelo lan', 'cmc085atz0000ky3zvumjrcrj', 'cmc0k9i6x0006hk3hs00h48vi', '2025-06-17 13:31:00.512');
INSERT INTO public."Message" VALUES ('cmc0kc34g000khk3hjwa10w2p', 'Hello', 'cmc0fe61q0000hj3hwylb3noo', 'cmc0k9i6x0006hk3hs00h48vi', '2025-06-17 13:32:34.353');
INSERT INTO public."Message" VALUES ('cmc0opzvy0001ih40v8s0qoq0', 'hello', 'cmc07kzz00000cu3zjqqszzdo', 'cmc07kzz00000cu3zjqqszzdocmc092y76000pky3z6thhhxf0', '2025-06-17 15:35:21.838');
INSERT INTO public."Message" VALUES ('cmc1c4roe0001ej3iw0fgt080', 'Or k hal h ', 'cmc07kzz00000cu3zjqqszzdo', 'cmc0k9i6x0006hk3hs00h48vi', '2025-06-18 02:30:42.176');
INSERT INTO public."Message" VALUES ('cmc1c4wo30003ej3ikm9morp5', '🐉', 'cmc07kzz00000cu3zjqqszzdo', 'cmc0k9i6x0006hk3hs00h48vi', '2025-06-18 02:30:48.676');
INSERT INTO public."Message" VALUES ('cmc1j3nzp0001eg3h7x0s9ejc', 'Or baabe ', 'cmc07kzz00000cu3zjqqszzdo', 'cmc0k9i6x0006hk3hs00h48vi', '2025-06-18 05:45:48.084');
INSERT INTO public."Message" VALUES ('cmc20wsg20001il3yi9g3wqjj', 'Hello', 'cmc07kzz00000cu3zjqqszzdo', 'cmc07kzz00000cu3zjqqszzdocmc085atz0000ky3zvumjrcrj', '2025-06-18 14:04:20.355');
INSERT INTO public."Message" VALUES ('cmc20wydt0003il3ylmwyg1gb', '66', 'cmc085atz0000ky3zvumjrcrj', 'cmc07kzz00000cu3zjqqszzdocmc085atz0000ky3zvumjrcrj', '2025-06-18 14:04:28.019');
INSERT INTO public."Message" VALUES ('cmc38xsv40001j33h646ahpw9', 'k hal h ', 'cmc07kzz00000cu3zjqqszzdo', 'cmc07kzz00000cu3zjqqszzdocmc085atz0000ky3zvumjrcrj', '2025-06-19 10:36:50.656');
INSERT INTO public."Message" VALUES ('cmc61y45b0007j33hc1vwk83c', 'Hello', 'cmc61wz7d0003j33h317fjfty', 'cmc61vlmy0002j33h2zs706p4cmc61wz7d0003j33h317fjfty', '2025-06-21 09:44:26.465');
INSERT INTO public."Message" VALUES ('cmc61yrd60009j33hwb923gct', 'how are you !!!', 'cmc61vlmy0002j33h2zs706p4', 'cmc61vlmy0002j33h2zs706p4cmc61wz7d0003j33h317fjfty', '2025-06-21 09:44:56.549');
INSERT INTO public."Message" VALUES ('cmc61zghx000bj33h5yjdt4ac', '🐉', 'cmc61vlmy0002j33h2zs706p4', 'cmc61vlmy0002j33h2zs706p4cmc61wz7d0003j33h317fjfty', '2025-06-21 09:45:29.102');
INSERT INTO public."Message" VALUES ('cmc620np9000fj33hyvuekbt8', 'hello', 'cmc61vlmy0002j33h2zs706p4', 'cmc092y76000pky3z6thhhxf0cmc61vlmy0002j33h2zs706p4', '2025-06-21 09:46:25.15');
INSERT INTO public."Message" VALUES ('cmc620wq6000jj33heippquu2', 'hello bhai ', 'cmc61vlmy0002j33h2zs706p4', 'cmc085atz0000ky3zvumjrcrjcmc61vlmy0002j33h2zs706p4', '2025-06-21 09:46:36.818');
INSERT INTO public."Message" VALUES ('cmc62yhwf000oj33hwgbjqwgk', 'hello', 'cmc62xhs7000kj33hkv42sbeu', 'cmc61vlmy0002j33h2zs706p4cmc62xhs7000kj33hkv42sbeu', '2025-06-21 10:12:43.935');
INSERT INTO public."Message" VALUES ('cmc62zivy000qj33hkc96ixkc', 'hi ', 'cmc62xhs7000kj33hkv42sbeu', 'cmc61vlmy0002j33h2zs706p4cmc62xhs7000kj33hkv42sbeu', '2025-06-21 10:13:31.842');
INSERT INTO public."Message" VALUES ('cmc6311uw000sj33hr25uxnqh', 'kkkk', 'cmc62xhs7000kj33hkv42sbeu', 'cmc61vlmy0002j33h2zs706p4cmc62xhs7000kj33hkv42sbeu', '2025-06-21 10:14:43.112');
INSERT INTO public."Message" VALUES ('cmc633gm50011j33hdfxhs5ql', 'ddfdf', 'cmc62xhs7000kj33hkv42sbeu', 'cmc633bll000tj33h1lla3bhk', '2025-06-21 10:16:35.55');
INSERT INTO public."Message" VALUES ('cmcaji6n70001k740gm1do74f', 'Hello bhai ', 'cmc07kzz00000cu3zjqqszzdo', 'cmc07kzz00000cu3zjqqszzdocmc085atz0000ky3zvumjrcrj', '2025-06-24 13:07:00.954');
INSERT INTO public."Message" VALUES ('cmcaktybh0001dh3ybeug5e20', 'hello', 'cmc07kzz00000cu3zjqqszzdo', 'cmc07kzz00000cu3zjqqszzdocmc085atz0000ky3zvumjrcrj', '2025-06-24 13:44:09.725');
INSERT INTO public."Message" VALUES ('cmcaqjmpt0005dh3y91c0stgl', 'Hello bhai ', 'cmc07kzz00000cu3zjqqszzdo', 'cmc07kzz00000cu3zjqqszzdocmc61vlmy0002j33h2zs706p4', '2025-06-24 16:24:05.759');
INSERT INTO public."Message" VALUES ('cmcaqjtfr0007dh3yflwh99s9', '🐉', 'cmc07kzz00000cu3zjqqszzdo', 'cmc07kzz00000cu3zjqqszzdocmc61vlmy0002j33h2zs706p4', '2025-06-24 16:24:14.535');
INSERT INTO public."Message" VALUES ('cmcbusisx0009dh3y2z2w2pdk', 'Or bhaiyi', 'cmc07kzz00000cu3zjqqszzdo', 'cmc0k9i6x0006hk3hs00h48vi', '2025-06-25 11:10:45.297');
INSERT INTO public."Message" VALUES ('cmcbusn7o000bdh3yc56f7h6j', 'Bhaiyo*', 'cmc07kzz00000cu3zjqqszzdo', 'cmc0k9i6x0006hk3hs00h48vi', '2025-06-25 11:10:51.012');
INSERT INTO public."Message" VALUES ('cmcg2bzoc000fi63hrik6mnjs', 'Heyyy Aryan', 'cmcg2au8b000bi63hdk39xlpb', 'cmcg1i6os0000i63h6sef8g7scmcg2au8b000bi63hdk39xlpb', '2025-06-28 09:52:55.645');
INSERT INTO public."Message" VALUES ('cmcg2yv5r000mi63htrjo61pm', 'dei mada punda', 'cmcg2y1wt000ii63hrsf7ejc2', 'cmcg29gzg000ai63hn2nsladbcmcg2y1wt000ii63hrsf7ejc2', '2025-06-28 10:10:42.88');
INSERT INTO public."Message" VALUES ('cmcg35bvl000ri63h016v6kd7', 'abbe', 'cmcg33ce5000ni63h3fc7yr9p', 'cmcg1i6os0000i63h6sef8g7scmcg33ce5000ni63h3fc7yr9p', '2025-06-28 10:15:44.482');
INSERT INTO public."Message" VALUES ('cmcg3boq4000yi63hnths6whh', 'hi', 'cmcg3apex000ui63hagxcxcy4', 'cmcg33ce5000ni63h3fc7yr9pcmcg3apex000ui63hagxcxcy4', '2025-06-28 10:20:40.862');
INSERT INTO public."Message" VALUES ('cmcg3chn20010i63hkl5pu74f', 'hello', 'cmcg3apex000ui63hagxcxcy4', 'cmcg33ce5000ni63h3fc7yr9pcmcg3apex000ui63hagxcxcy4', '2025-06-28 10:21:18.518');
INSERT INTO public."Message" VALUES ('cmcg3dyqz0015i63hxeq70s2q', 'hey', 'cmcg3coos0011i63hxel9kki0', 'cmc61wz7d0003j33h317fjftycmcg3coos0011i63hxel9kki0', '2025-06-28 10:22:27.371');
INSERT INTO public."Message" VALUES ('cmcg3mpuf001ai63hhtriffji', 'Hello', 'cmc07kzz00000cu3zjqqszzdo', 'cmc07kzz00000cu3zjqqszzdocmc085atz0000ky3zvumjrcrj', '2025-06-28 10:29:15.736');
INSERT INTO public."Message" VALUES ('cmcg4kj8d001ki63h4tvdgoyv', 'wassup my nigga', 'cmcg4ihld001di63hbfr9bnwy', 'cmcg4k6x2001ei63hmrgovqvq', '2025-06-28 10:55:33.469');
INSERT INTO public."Message" VALUES ('cmcg4pjwu001qi63hjnp0uy1u', 'yo bhai bhai', 'cmcg4ocnk001mi63hylruuu8r', 'cmcg29gzg000ai63hn2nsladbcmcg4ocnk001mi63hylruuu8r', '2025-06-28 10:59:27.63');
INSERT INTO public."Message" VALUES ('cmcg4wt9s001xi63h0tk16ad5', 'Yo', 'cmcg4vgst001si63hxvqh3ru1', 'cmc092y76000pky3z6thhhxf0cmcg4vgst001si63hxvqh3ru1', '2025-06-28 11:05:06.352');
INSERT INTO public."Message" VALUES ('cmcg4x0c2001zi63hkbohairc', 'Abhishek', 'cmcg4vgst001si63hxvqh3ru1', 'cmc092y76000pky3z6thhhxf0cmcg4vgst001si63hxvqh3ru1', '2025-06-28 11:05:15.507');
INSERT INTO public."Message" VALUES ('cmcg4xwva0023i63hpi9k11vv', 'Yo samir boi', 'cmcg4vgst001si63hxvqh3ru1', 'cmcg2au8b000bi63hdk39xlpbcmcg4vgst001si63hxvqh3ru1', '2025-06-28 11:05:57.67');
INSERT INTO public."Message" VALUES ('cmcg4y3uj0025i63hh9vnow7v', 'Gotta slap yo butt', 'cmcg4vgst001si63hxvqh3ru1', 'cmcg2au8b000bi63hdk39xlpbcmcg4vgst001si63hxvqh3ru1', '2025-06-28 11:06:06.715');
INSERT INTO public."Message" VALUES ('cmcg4yq5f002ci63hrgn8e62v', 'Yo aaa', 'cmcg4vgst001si63hxvqh3ru1', 'cmc62xhs7000kj33hkv42sbeucmcg4vgst001si63hxvqh3ru1', '2025-06-28 11:06:35.619');
INSERT INTO public."Message" VALUES ('cmcg50m6g002gi63h8pfxai4n', 'kya re', 'cmcg4yerv0026i63he8zdogcz', 'cmcg4ihld001di63hbfr9bnwycmcg4yerv0026i63he8zdogcz', '2025-06-28 11:08:03.785');
INSERT INTO public."Message" VALUES ('cmcg50qp1002ri63h3wbs5wt0', 'ka karathas', 'cmcg4yerv0026i63he8zdogcz', 'cmcg4ihld001di63hbfr9bnwycmcg4yerv0026i63he8zdogcz', '2025-06-28 11:08:09.609');
INSERT INTO public."Message" VALUES ('cmcg50t8n002ti63hpwury8a6', 'bol na', 'cmcg4yerv0026i63he8zdogcz', 'cmcg4ihld001di63hbfr9bnwycmcg4yerv0026i63he8zdogcz', '2025-06-28 11:08:12.935');
INSERT INTO public."Message" VALUES ('cmcg50wvn002vi63hb8lxtrul', 'Rana ji mujhe maaf karna', 'cmcg4vgst001si63hxvqh3ru1', 'cmcg50mpp002hi63hi2vm1mvq', '2025-06-28 11:08:17.652');
INSERT INTO public."Message" VALUES ('cmcg5130z002xi63hnzam9tz8', 'Galti mhare se hogyi', 'cmcg4vgst001si63hxvqh3ru1', 'cmcg50mpp002hi63hi2vm1mvq', '2025-06-28 11:08:25.592');
INSERT INTO public."Message" VALUES ('cmcg70cza0036i63hn5e2klp2', 'hi', 'cmcg6z6ff0032i63hv46h6rtp', 'cmcg1ltun0002i63hvbazvkg3cmcg6z6ff0032i63hv46h6rtp', '2025-06-28 12:03:51.094');
INSERT INTO public."Message" VALUES ('cmcg7rh7q0039i63hraczgvfl', 'Kitni var m aavega', 'cmc07kzz00000cu3zjqqszzdo', 'cmc07kzz00000cu3zjqqszzdocmc085atz0000ky3zvumjrcrj', '2025-06-28 12:24:56.268');
INSERT INTO public."Message" VALUES ('cmcg9hjbb003ji63h3ojb92tk', 'heyyy', 'cmcg7xh38003ai63hkd1vl3km', 'cmc61wz7d0003j33h317fjftycmcg7xh38003ai63hkd1vl3km', '2025-06-28 13:13:11.687');
INSERT INTO public."Message" VALUES ('cmcg9hksv003li63hzc73er2z', 'how ', 'cmcg7xh38003ai63hkd1vl3km', 'cmc61wz7d0003j33h317fjftycmcg7xh38003ai63hkd1vl3km', '2025-06-28 13:13:13.615');
INSERT INTO public."Message" VALUES ('cmcg9hl8o003ni63hei1gppvz', 'are', 'cmcg7xh38003ai63hkd1vl3km', 'cmc61wz7d0003j33h317fjftycmcg7xh38003ai63hkd1vl3km', '2025-06-28 13:13:14.184');
INSERT INTO public."Message" VALUES ('cmcg9hmem003pi63honwtczjw', 'youuuu', 'cmcg7xh38003ai63hkd1vl3km', 'cmc61wz7d0003j33h317fjftycmcg7xh38003ai63hkd1vl3km', '2025-06-28 13:13:15.694');
INSERT INTO public."Message" VALUES ('cmcg9hx5w003ri63hxgsbs34c', 'how can i send ', 'cmcg7xh38003ai63hkd1vl3km', 'cmc61wz7d0003j33h317fjftycmcg7xh38003ai63hkd1vl3km', '2025-06-28 13:13:29.607');
INSERT INTO public."Message" VALUES ('cmcg9hxkm003ti63h28a650bc', 'file', 'cmcg7xh38003ai63hkd1vl3km', 'cmc61wz7d0003j33h317fjftycmcg7xh38003ai63hkd1vl3km', '2025-06-28 13:13:30.166');
INSERT INTO public."Message" VALUES ('cmcg9hyfb003vi63hguin6yss', '?', 'cmcg7xh38003ai63hkd1vl3km', 'cmc61wz7d0003j33h317fjftycmcg7xh38003ai63hkd1vl3km', '2025-06-28 13:13:31.271');
INSERT INTO public."Message" VALUES ('cmcg9i07c003xi63hxnv7hveu', 'ui is so ass', 'cmcg7xh38003ai63hkd1vl3km', 'cmc61wz7d0003j33h317fjftycmcg7xh38003ai63hkd1vl3km', '2025-06-28 13:13:33.576');
INSERT INTO public."Message" VALUES ('cmcg9i27a003zi63h0l1xay57', 'brooooooo', 'cmcg7xh38003ai63hkd1vl3km', 'cmc61wz7d0003j33h317fjftycmcg7xh38003ai63hkd1vl3km', '2025-06-28 13:13:36.166');
INSERT INTO public."Message" VALUES ('cmcg9i5ow0041i63hr7q7l4tk', 'but good project', 'cmcg7xh38003ai63hkd1vl3km', 'cmc61wz7d0003j33h317fjftycmcg7xh38003ai63hkd1vl3km', '2025-06-28 13:13:40.688');
INSERT INTO public."Message" VALUES ('cmcgaq28w0043i63hsbhmor4l', 'ungomma tevadia', 'cmcg2y1wt000ii63hrsf7ejc2', 'cmcg4k6x2001ei63hmrgovqvq', '2025-06-28 13:47:49.063');
INSERT INTO public."Message" VALUES ('cmcgb4z92004ai63h0csqn3os', 'hi', 'cmcgb1rff0045i63hq46373m7', 'cmcgb01e60044i63hyaizefu7cmcgb1rff0045i63hq46373m7', '2025-06-28 13:59:25.046');
INSERT INTO public."Message" VALUES ('cmcgb5rm9004ci63hxho4i03o', 'test', 'cmcgb1rff0045i63hq46373m7', 'cmcgb01e60044i63hyaizefu7cmcgb1rff0045i63hq46373m7', '2025-06-28 14:00:01.782');
INSERT INTO public."Message" VALUES ('cmcgb7gvv004ei63he1bfpysq', 'nice', 'cmcgb01e60044i63hyaizefu7', 'cmcgb01e60044i63hyaizefu7cmcgb1rff0045i63hq46373m7', '2025-06-28 14:01:21.211');
INSERT INTO public."Message" VALUES ('cmcgb7zka004gi63h89loyiti', 'check', 'cmcgb1rff0045i63hq46373m7', 'cmcgb01e60044i63hyaizefu7cmcgb1rff0045i63hq46373m7', '2025-06-28 14:01:45.391');
INSERT INTO public."Message" VALUES ('cmcgb9eni004ii63hw17jtbkf', 'cool bro', 'cmcgb01e60044i63hyaizefu7', 'cmcgb01e60044i63hyaizefu7cmcgb1rff0045i63hq46373m7', '2025-06-28 14:02:51.601');
INSERT INTO public."Message" VALUES ('cmcgb9pqv004ki63hb5zin5zh', 'a', 'cmcgb01e60044i63hyaizefu7', 'cmcgb01e60044i63hyaizefu7cmcgb1rff0045i63hq46373m7', '2025-06-28 14:03:06.007');
INSERT INTO public."Message" VALUES ('cmcgbvlo7004ti63hqve1owa9', 'wadup ', 'cmcgbv2wk004pi63h9a780lw6', 'cmcg7di760037i63hk42dyklhcmcgbv2wk004pi63h9a780lw6', '2025-06-28 14:20:07.159');
INSERT INTO public."Message" VALUES ('cmcgg5mx9004zi63h9ymkkt61', 'hellooo', 'cmcgg3qow004vi63hd0sfhp9t', 'cmc092y76000pky3z6thhhxf0cmcgg3qow004vi63hd0sfhp9t', '2025-06-28 16:19:53.806');
INSERT INTO public."Message" VALUES ('cmcgg6b8m0053i63h5ebq7k84', 'hellooo', 'cmcgg3qow004vi63hd0sfhp9t', 'cmc61wz7d0003j33h317fjftycmcgg3qow004vi63hd0sfhp9t', '2025-06-28 16:20:25.318');
INSERT INTO public."Message" VALUES ('cmcggurww0056i63hyvnpbapd', 'ok', 'cmcggs36q0054i63h2x86n5ro', 'cmcg50mpp002hi63hi2vm1mvq', '2025-06-28 16:39:26.672');
INSERT INTO public."Message" VALUES ('cmcgib8v40001f740aofsof6s', 'hello', 'cmc07kzz00000cu3zjqqszzdo', 'cmc07kzz00000cu3zjqqszzdocmc085atz0000ky3zvumjrcrj', '2025-06-28 17:20:14.741');
INSERT INTO public."Message" VALUES ('cmcgkr25y000af7400c07bqdt', 'Hey', 'cmcgkqhfm0006f74085l2gcrn', 'cmcg4ocnk001mi63hylruuu8rcmcgkqhfm0006f74085l2gcrn', '2025-06-28 18:28:31.737');
INSERT INTO public."Message" VALUES ('cmcgks95s000ef740jcoswvic', 'Hey', 'cmcgkqhfm0006f74085l2gcrn', 'cmc61vlmy0002j33h2zs706p4cmcgkqhfm0006f74085l2gcrn', '2025-06-28 18:29:27.52');
INSERT INTO public."Message" VALUES ('cmcglotmt000kf7408e3octlv', 'hi', 'cmcglnyra000ff7402xqm0pgi', 'cmc61vlmy0002j33h2zs706p4cmcglnyra000ff7402xqm0pgi', '2025-06-28 18:54:47.045');
INSERT INTO public."Message" VALUES ('cmcgloxc8000mf740iftql8xq', 'testing', 'cmcglnyra000ff7402xqm0pgi', 'cmc61vlmy0002j33h2zs706p4cmcglnyra000ff7402xqm0pgi', '2025-06-28 18:54:51.849');
INSERT INTO public."Message" VALUES ('cmcgve997000uf740hg2qz31o', 'Hi', 'cmcgvcbe5000sf7408wtnv8wk', 'cmcg50mpp002hi63hi2vm1mvq', '2025-06-28 23:26:30.235');
INSERT INTO public."Message" VALUES ('cmchbg6p9000zf740fkur9k4w', 'heyyy', 'cmchbfcxv000vf740h6jz7lff', 'cmcg55n5w002zi63hdoppxhixcmchbfcxv000vf740h6jz7lff', '2025-06-29 06:55:54.093');
INSERT INTO public."Message" VALUES ('cmchjwche0013f740oooeonu3', 'hi', 'cmchjtg4o0011f740n9ldgf41', 'cmcg50mpp002hi63hi2vm1mvq', '2025-06-29 10:52:24.98');
INSERT INTO public."Message" VALUES ('cmchxx9rl0016f7409waqcvp2', 'Hi', 'cmchxw4ji0014f740l0a06abg', 'cmcg50mpp002hi63hi2vm1mvq', '2025-06-29 17:25:02.767');
INSERT INTO public."Message" VALUES ('cmchxxm8n0018f740boq8fd6j', 'Kaha se ho', 'cmchxw4ji0014f740l0a06abg', 'cmcg50mpp002hi63hi2vm1mvq', '2025-06-29 17:25:18.908');
INSERT INTO public."Message" VALUES ('cmchxz0ac001cf740h99ffpie', 'Opera', 'cmchxw4ji0014f740l0a06abg', 'cmc61vlmy0002j33h2zs706p4cmchxw4ji0014f740l0a06abg', '2025-06-29 17:26:23.796');
INSERT INTO public."Message" VALUES ('cmcj1tnr5001ef7407rkl5pq4', 'yoo', 'cmcg1ltun0002i63hvbazvkg3', 'cmcg1ltun0002i63hvbazvkg3cmcg6z6ff0032i63hv46h6rtp', '2025-06-30 12:01:58.913');
INSERT INTO public."Message" VALUES ('cmck9xhn8001gf740b9ueyu46', 'hello', 'cmc07kzz00000cu3zjqqszzdo', 'cmc07kzz00000cu3zjqqszzdocmc61vlmy0002j33h2zs706p4', '2025-07-01 08:36:40.72');
INSERT INTO public."Message" VALUES ('cmcsx7rao0006fs3zjjfo60yu', 'Hello', 'cmcso19co0000fs3z9dsofzy9', 'cmcso19co0000fs3z9dsofzy9cmcsqbl3u0002fs3zkqq12c1f', '2025-07-07 09:50:40.368');
INSERT INTO public."Message" VALUES ('cmcsxtpxo000hfs3zeh0f2nln', 'Hello ', 'cmcso19co0000fs3z9dsofzy9', 'cmcsxtkni0007fs3z7xxqref3', '2025-07-07 10:07:45.036');
INSERT INTO public."Message" VALUES ('cmcsxujcn000jfs3z93pn01zr', 'hello', 'cmcsov99q0001fs3zv2085qet', 'cmcsxtkni0007fs3z7xxqref3', '2025-07-07 10:08:23.16');
INSERT INTO public."Message" VALUES ('cmcsxvkks000nfs3z94isj5n8', 'Hello bhai ', 'cmcso19co0000fs3z9dsofzy9', 'cmcso19co0000fs3z9dsofzy9cmcsov99q0001fs3zv2085qet', '2025-07-07 10:09:11.404');
INSERT INTO public."Message" VALUES ('cmcsxwklu000pfs3zo8qr2pi9', 'How are you ', 'cmcso19co0000fs3z9dsofzy9', 'cmcso19co0000fs3z9dsofzy9cmcsov99q0001fs3zv2085qet', '2025-07-07 10:09:58.071');
INSERT INTO public."Message" VALUES ('cmcsxx9zi000rfs3zoq7nnqt5', 'fine, what about you ?', 'cmcsov99q0001fs3zv2085qet', 'cmcso19co0000fs3z9dsofzy9cmcsov99q0001fs3zv2085qet', '2025-07-07 10:10:30.963');
INSERT INTO public."Message" VALUES ('cmcsxzjug000tfs3zi7918nk6', 'Great !!!!', 'cmcso19co0000fs3z9dsofzy9', 'cmcso19co0000fs3z9dsofzy9cmcsov99q0001fs3zv2085qet', '2025-07-07 10:12:17.041');
INSERT INTO public."Message" VALUES ('cmcsxzz4s000vfs3zwjizji96', 'Fuck you !!!!!!', 'cmcso19co0000fs3z9dsofzy9', 'cmcso19co0000fs3z9dsofzy9cmcsov99q0001fs3zv2085qet', '2025-07-07 10:12:36.863');
INSERT INTO public."Message" VALUES ('cmct0jfgr0010fs3z9lvnw7jm', 'Heyyy', 'cmct0grzf000wfs3zk9ue41bq', 'cmcsov99q0001fs3zv2085qetcmct0grzf000wfs3zk9ue41bq', '2025-07-07 11:23:43.756');
INSERT INTO public."Message" VALUES ('cmct0l9n20012fs3zz2qnauvs', 'Hhhh', 'cmct0grzf000wfs3zk9ue41bq', 'cmcg50mpp002hi63hi2vm1mvq', '2025-07-07 11:25:09.451');
INSERT INTO public."Message" VALUES ('cmct24bde001mfs3z6tzpq33a', 'Hie', 'cmct23ah9001ifs3zos7avxnz', 'cmc61wz7d0003j33h317fjftycmct23ah9001ifs3zos7avxnz', '2025-07-07 12:07:57.842');
INSERT INTO public."Message" VALUES ('cmct24v6y001qfs3z6nte85d4', 'Hie', 'cmct23ah9001ifs3zos7avxnz', 'cmc61vlmy0002j33h2zs706p4cmct23ah9001ifs3zos7avxnz', '2025-07-07 12:08:23.53');
INSERT INTO public."Message" VALUES ('cmcw63xyk000aci3hrko46wji', 'Hello ', 'cmcsov99q0001fs3zv2085qet', 'cmcsov99q0001fs3zv2085qetcmct0grzf000wfs3zk9ue41bq', '2025-07-09 16:22:57.425');
INSERT INTO public."Message" VALUES ('cmd289ke6000fci3h07po9sq8', 'hey', 'cmd288uss000bci3hl2nhkndr', 'cmcgbt4qe004li63hyoaqy5urcmd288uss000bci3hl2nhkndr', '2025-07-13 22:09:56.094');
INSERT INTO public."Message" VALUES ('cmd289nrp000hci3hmh9hps3n', 'how are you', 'cmd288uss000bci3hl2nhkndr', 'cmcgbt4qe004li63hyoaqy5urcmd288uss000bci3hl2nhkndr', '2025-07-13 22:10:00.47');
INSERT INTO public."Message" VALUES ('cmd28a7ha000lci3hvuflxmjv', 'yo', 'cmd288uss000bci3hl2nhkndr', 'cmcg2m9iu000hi63huc1ilypxcmd288uss000bci3hl2nhkndr', '2025-07-13 22:10:26.015');
INSERT INTO public."Message" VALUES ('cmd28ao3w000nci3hfswdnzoe', 'regwe', 'cmd288uss000bci3hl2nhkndr', 'cmct0n4c20013fs3zfn7meof7', '2025-07-13 22:10:47.565');
INSERT INTO public."Message" VALUES ('cmd71oqeu0001g23ir6lx2z1p', 'a', 'cmcsov99q0001fs3zv2085qet', 'cmcsxtkni0007fs3z7xxqref3', '2025-07-17 07:04:36.06');
INSERT INTO public."Message" VALUES ('cmd71owsy0003g23i2kn3welm', 'hello', 'cmcsov99q0001fs3zv2085qet', 'cmcsxtkni0007fs3z7xxqref3', '2025-07-17 07:04:45.586');
INSERT INTO public."Message" VALUES ('cmd71p5z10005g23ijvf2jjiy', 'how are you', 'cmcsov99q0001fs3zv2085qet', 'cmcsxtkni0007fs3z7xxqref3', '2025-07-17 07:04:57.266');
INSERT INTO public."Message" VALUES ('cmd71p94j0007g23i11w5qpwq', 'im fine ', 'cmcsov99q0001fs3zv2085qet', 'cmcsxtkni0007fs3z7xxqref3', '2025-07-17 07:05:01.556');
INSERT INTO public."Message" VALUES ('cmd71qw3h0009g23ihn6yqbf4', 'heyyyy!!!!', 'cmcsov99q0001fs3zv2085qet', 'cmcso19co0000fs3z9dsofzy9cmcsov99q0001fs3zv2085qet', '2025-07-17 07:06:17.982');
INSERT INTO public."Message" VALUES ('cmd71zh11000bg23i9uzzya0s', 'hello bhai ', 'cmcsov99q0001fs3zv2085qet', 'cmcso19co0000fs3z9dsofzy9cmcsov99q0001fs3zv2085qet', '2025-07-17 07:12:58.162');
INSERT INTO public."Message" VALUES ('cmd7ecvaw000dg23ik8eexsps', 'yes', 'cmcsov99q0001fs3zv2085qet', 'cmcso19co0000fs3z9dsofzy9cmcsov99q0001fs3zv2085qet', '2025-07-17 12:59:18.776');
INSERT INTO public."Message" VALUES ('cmd7gtb940001fk3za53kjd75', 'Bol bhai ', 'cmcso19co0000fs3z9dsofzy9', 'cmcso19co0000fs3z9dsofzy9cmcsqbl3u0002fs3zkqq12c1f', '2025-07-17 14:08:05.162');
INSERT INTO public."Message" VALUES ('cmd7j41is0004fk3zah3t4zqc', 'heyyyyy', 'cmcsov99q0001fs3zv2085qet', 'cmcso19co0000fs3z9dsofzy9cmcsov99q0001fs3zv2085qet', '2025-07-17 15:12:25.011');
INSERT INTO public."Message" VALUES ('cmd7p8oyi0006fk3z2r7fzzkp', 'yesssss', 'cmcsov99q0001fs3zv2085qet', 'cmcso19co0000fs3z9dsofzy9cmcsov99q0001fs3zv2085qet', '2025-07-17 18:03:59.707');
INSERT INTO public."Message" VALUES ('cmd8aav7a0008fk3ze1ff879u', 'hello', 'cmcsov99q0001fs3zv2085qet', 'cmcso19co0000fs3z9dsofzy9cmcsov99q0001fs3zv2085qet', '2025-07-18 03:53:33.046');
INSERT INTO public."Message" VALUES ('cmdlx1n7u0001ho3hl1nndvgj', 'Yesss 😶‍🌫️', 'cmcsov99q0001fs3zv2085qet', 'cmcso19co0000fs3z9dsofzy9cmcsov99q0001fs3zv2085qet', '2025-07-27 16:51:14.25');
INSERT INTO public."Message" VALUES ('cmdo15via0003ho3hijupzteq', 'Heyyyy ', 'cmcso19co0000fs3z9dsofzy9', 'cmcso19co0000fs3z9dsofzy9cmcsov99q0001fs3zv2085qet', '2025-07-29 04:22:02.432');
INSERT INTO public."Message" VALUES ('cmdo1a4460005ho3hhpihf1pf', 'or bta k hal h', 'cmcsov99q0001fs3zv2085qet', 'cmcso19co0000fs3z9dsofzy9cmcsov99q0001fs3zv2085qet', '2025-07-29 04:25:20.211');
INSERT INTO public."Message" VALUES ('cmdtrdgdz0007ho3hzs0z8rb8', 'Hello', 'cmcso19co0000fs3z9dsofzy9', 'cmcso19co0000fs3z9dsofzy9cmcsov99q0001fs3zv2085qet', '2025-08-02 04:34:36.984');
INSERT INTO public."Message" VALUES ('cmdtrughs0009ho3h3aqrs42u', '🐉 ', 'cmcsov99q0001fs3zv2085qet', 'cmcso19co0000fs3z9dsofzy9cmcsov99q0001fs3zv2085qet', '2025-08-02 04:47:50.246');
INSERT INTO public."Message" VALUES ('cmdwvz4kz000bho3hpf0amwv9', 'a', 'cmcsov99q0001fs3zv2085qet', 'cmcso19co0000fs3z9dsofzy9cmcsov99q0001fs3zv2085qet', '2025-08-04 09:06:44.635');
INSERT INTO public."Message" VALUES ('cme9v6zxv0001ho3hefwrjnvl', 'Or betichod ', 'cmcso19co0000fs3z9dsofzy9', 'cmcso19co0000fs3z9dsofzy9cmcsov99q0001fs3zv2085qet', '2025-08-13 11:05:53.009');
INSERT INTO public."Message" VALUES ('cme9v74hb0003ho3hoci1udp1', 'Kya hal h ', 'cmcso19co0000fs3z9dsofzy9', 'cmcso19co0000fs3z9dsofzy9cmcsov99q0001fs3zv2085qet', '2025-08-13 11:05:58.895');
INSERT INTO public."Message" VALUES ('cme9v7d2k0005ho3hqd1dpgya', 'fine ', 'cmcsov99q0001fs3zv2085qet', 'cmcso19co0000fs3z9dsofzy9cmcsov99q0001fs3zv2085qet', '2025-08-13 11:06:10.026');
INSERT INTO public."Message" VALUES ('cme9v7qcl0007ho3hyx0m0kmp', 'what about you?', 'cmcsov99q0001fs3zv2085qet', 'cmcso19co0000fs3z9dsofzy9cmcsov99q0001fs3zv2085qet', '2025-08-13 11:06:27.235');
INSERT INTO public."Message" VALUES ('cmfil9dw90005ga3ijlqnjuep', 'hi', 'cmfil7i850000ga3ieebpyiie', 'cmfil7i850000ga3ieebpyiiecmfil8sfa0001ga3i8thvbknc', '2025-09-13 18:17:26.169');
INSERT INTO public."Message" VALUES ('cmg7s7obi0009ga3iqblqnlxt', 'hello', 'cmcsov99q0001fs3zv2085qet', 'cmcsxtkni0007fs3z7xxqref3', '2025-10-01 09:26:18.078');
INSERT INTO public."Message" VALUES ('cmg7s7ru2000bga3iqoomwufk', 'how are you !', 'cmcsov99q0001fs3zv2085qet', 'cmcsxtkni0007fs3z7xxqref3', '2025-10-01 09:26:22.634');
INSERT INTO public."Message" VALUES ('cmg7t1ow5000dga3i4ojmapqc', 'k dhang h', 'cmcsov99q0001fs3zv2085qet', 'cmcsxtkni0007fs3z7xxqref3', '2025-10-01 09:49:38.471');
INSERT INTO public."Message" VALUES ('cmg7w1hmi0001ga3howyij1c7', 'hello bhai', 'cmcso19co0000fs3z9dsofzy9', 'cmcso19co0000fs3z9dsofzy9cmcsov99q0001fs3zv2085qet', '2025-10-01 11:13:27.906');
INSERT INTO public."Message" VALUES ('cmg7w29250003ga3h59km96af', 'or kya hal h', 'cmcsov99q0001fs3zv2085qet', 'cmcso19co0000fs3z9dsofzy9cmcsov99q0001fs3zv2085qet', '2025-10-01 11:14:03.484');
INSERT INTO public."Message" VALUES ('cmg7w2bzo0005ga3hv5wlcje3', 'bta ne ', 'cmcsov99q0001fs3zv2085qet', 'cmcso19co0000fs3z9dsofzy9cmcsov99q0001fs3zv2085qet', '2025-10-01 11:14:07.284');
INSERT INTO public."Message" VALUES ('cmg7w2ilb0007ga3hmamayo2m', 'bdhia bhai, tu suna ', 'cmcso19co0000fs3z9dsofzy9', 'cmcso19co0000fs3z9dsofzy9cmcsov99q0001fs3zv2085qet', '2025-10-01 11:14:15.839');
INSERT INTO public."Message" VALUES ('cmg7w2ri00009ga3h7q1ga29k', 'bdhia bhai ', 'cmcsov99q0001fs3zv2085qet', 'cmcso19co0000fs3z9dsofzy9cmcsov99q0001fs3zv2085qet', '2025-10-01 11:14:27.382');
INSERT INTO public."Message" VALUES ('cmg7wehg0000bga3hdcq0u5aq', 'hello', 'cmcsov99q0001fs3zv2085qet', 'cmcso19co0000fs3z9dsofzy9cmcsov99q0001fs3zv2085qet', '2025-10-01 11:23:34.224');
INSERT INTO public."Message" VALUES ('cmg7wem6k000dga3hve3s2x99', 'or kya hal h', 'cmcsov99q0001fs3zv2085qet', 'cmcso19co0000fs3z9dsofzy9cmcsov99q0001fs3zv2085qet', '2025-10-01 11:23:40.365');
INSERT INTO public."Message" VALUES ('cmg7wexom000hga3hxve8ah8v', 'hello', 'cmcsov99q0001fs3zv2085qet', 'cmcg6z6ff0032i63hv46h6rtpcmcsov99q0001fs3zv2085qet', '2025-10-01 11:23:55.27');
INSERT INTO public."Message" VALUES ('cmgb4apxm0001f42px7b94qyz', 'bdhia bhai, tu suna ', 'cmcsov99q0001fs3zv2085qet', 'cmcso19co0000fs3z9dsofzy9cmcsov99q0001fs3zv2085qet', '2025-10-03 17:27:54.056');
INSERT INTO public."Message" VALUES ('cmgb4blu60003f42p4t5mqr63', ' sexy', 'cmcso19co0000fs3z9dsofzy9', 'cmcso19co0000fs3z9dsofzy9cmcsov99q0001fs3zv2085qet', '2025-10-03 17:28:35.404');
INSERT INTO public."Message" VALUES ('cmgduo7hw0004ds27nwevpqe9', 'Yoooo', 'cmgdunk8x0000ds27vzh22lqa', 'cmcg3coos0011i63hxel9kki0cmgdunk8x0000ds27vzh22lqa', '2025-10-05 15:21:45.716');
INSERT INTO public."Message" VALUES ('cmgduowte0006ds27ooormep7', 'suppppp', 'cmgdunk8x0000ds27vzh22lqa', 'cmcg3coos0011i63hxel9kki0cmgdunk8x0000ds27vzh22lqa', '2025-10-05 15:22:18.53');
INSERT INTO public."Message" VALUES ('cmgifays6000bds27jqpctadt', 'hi', 'cmgif8ndp0007ds27ke76vmh8', 'cmc61vlmy0002j33h2zs706p4cmgif8ndp0007ds27ke76vmh8', '2025-10-08 20:10:24.535');
INSERT INTO public."Message" VALUES ('cmgifdh9s000dds27nou0uvt8', 'yo', 'cmgif8ndp0007ds27ke76vmh8', 'cmcg50mpp002hi63hi2vm1mvq', '2025-10-08 20:12:21.804');


--
-- Data for Name: Reaction; Type: TABLE DATA; Schema: public; Owner: neondb_owner
--

INSERT INTO public."Reaction" VALUES ('5d3f63e9-1463-4cdb-906b-a656a63ea578', 'cmc08600n0004ky3z2ddqxtwq', 'cmc085atz0000ky3zvumjrcrj', '😃', '2025-06-17 07:52:02.141');
INSERT INTO public."Reaction" VALUES ('2e6a49bf-5c3d-416d-98cc-caed8ed52131', 'cmc086put000aky3z3cf4bpra', 'cmc07kzz00000cu3zjqqszzdo', '🙏', '2025-06-17 07:52:32.308');
INSERT INTO public."Reaction" VALUES ('191bfa79-d75e-4b4e-a26a-458914fceee2', 'cmc08a4r9000iky3z03zhji5c', 'cmc085atz0000ky3zvumjrcrj', '❤️', '2025-06-17 07:55:14.42');
INSERT INTO public."Reaction" VALUES ('ddb2ba81-a6fb-446a-8704-b10502ffc5b7', 'cmc08hd9y000kky3zx8za8hza', 'cmc085atz0000ky3zvumjrcrj', '🙏', '2025-06-17 08:00:55.328');
INSERT INTO public."Reaction" VALUES ('be334f2f-d437-43ca-988c-5c6edf35d2f7', 'cmc0h7epz0001ju3h6saub1bg', 'cmc07kzz00000cu3zjqqszzdo', '🙏', '2025-06-17 12:05:04.903');
INSERT INTO public."Reaction" VALUES ('0a8ca26f-6633-440b-b152-ae208847a8bc', 'cmc0h8fzw0005ju3h1qxchx5f', 'cmc07kzz00000cu3zjqqszzdo', '🙏', '2025-06-17 12:05:57.089');
INSERT INTO public."Reaction" VALUES ('a1faa729-bb88-4eab-b291-d8079f191739', 'cmc0k08h40001hk3hfzplwd08', 'cmc07kzz00000cu3zjqqszzdo', '🤤', '2025-06-17 13:23:37.038');
INSERT INTO public."Reaction" VALUES ('1826bfed-89b3-455d-886e-bdb49f68de44', 'cmc0k08h40001hk3hfzplwd08', 'cmc085atz0000ky3zvumjrcrj', '🥹', '2025-06-17 13:23:55.604');
INSERT INTO public."Reaction" VALUES ('7258dd76-300e-4536-8c6c-27d26f5b9a9d', 'cmc0kc34g000khk3hjwa10w2p', 'cmc0fe61q0000hj3hwylb3noo', '❤️', '2025-06-17 13:32:41.262');
INSERT INTO public."Reaction" VALUES ('98942f21-05a7-46ef-a5ad-52b0ec682a28', 'cmc0opzvy0001ih40v8s0qoq0', 'cmc07kzz00000cu3zjqqszzdo', '🐉', '2025-06-17 15:35:34.295');
INSERT INTO public."Reaction" VALUES ('9e83e666-ab55-4c55-9070-6a19307aba36', 'cmc1j3nzp0001eg3h7x0s9ejc', 'cmc07kzz00000cu3zjqqszzdo', '🥳', '2025-06-18 05:46:03.726');
INSERT INTO public."Reaction" VALUES ('61db47f0-41ed-4328-b98c-486cde2dd107', 'cmc0k0dgs0003hk3hfifhtklo', 'cmc07kzz00000cu3zjqqszzdo', '👾', '2025-06-18 08:45:13.003');
INSERT INTO public."Reaction" VALUES ('11dcade6-a9e8-42a6-9db0-07d3a3a5ea42', 'cmc20wsg20001il3yi9g3wqjj', 'cmc07kzz00000cu3zjqqszzdo', '👾', '2025-06-18 14:04:41.743');
INSERT INTO public."Reaction" VALUES ('14249221-6859-424f-b0b1-04288b22de41', 'cmc1c4roe0001ej3iw0fgt080', 'cmc07kzz00000cu3zjqqszzdo', '🙏', '2025-06-18 14:06:41.35');
INSERT INTO public."Reaction" VALUES ('55c46359-72d6-4eed-8a02-84b1915e6eb1', 'cmc20wydt0003il3ylmwyg1gb', 'cmc07kzz00000cu3zjqqszzdo', '❤️', '2025-06-18 15:51:36.637');
INSERT INTO public."Reaction" VALUES ('4dd59bff-968f-441b-a793-2ff485bc0ba7', 'cmc38xsv40001j33h646ahpw9', 'cmc07kzz00000cu3zjqqszzdo', '🐉', '2025-06-19 10:37:05.551');
INSERT INTO public."Reaction" VALUES ('21a6bf82-7f0d-4c74-80ef-10a50966b411', 'cmc61y45b0007j33hc1vwk83c', 'cmc61vlmy0002j33h2zs706p4', '🫵', '2025-06-21 09:46:00.295');
INSERT INTO public."Reaction" VALUES ('a82b6b05-0115-42b0-83c4-572405844410', 'cmc620np9000fj33hyvuekbt8', 'cmc61vlmy0002j33h2zs706p4', '❤️', '2025-06-21 09:52:47.643');
INSERT INTO public."Reaction" VALUES ('2f8a183d-d6c0-4c3e-af4d-06f25cfae156', 'cmc62yhwf000oj33hwgbjqwgk', 'cmc62xhs7000kj33hkv42sbeu', '👍', '2025-06-21 10:13:42.942');
INSERT INTO public."Reaction" VALUES ('7fdbf27a-1bc9-4d4b-82dd-3b7119c3126e', 'cmcaji6n70001k740gm1do74f', 'cmc07kzz00000cu3zjqqszzdo', '👾', '2025-06-24 13:07:08.76');
INSERT INTO public."Reaction" VALUES ('5bddad03-9224-417f-acc1-5ccbe7a2342f', 'cmcaqjmpt0005dh3y91c0stgl', 'cmc07kzz00000cu3zjqqszzdo', '👾', '2025-06-24 16:24:26.17');
INSERT INTO public."Reaction" VALUES ('47a88e09-5c18-499d-aead-4d0ea9d4cded', 'cmcbusn7o000bdh3yc56f7h6j', 'cmc07kzz00000cu3zjqqszzdo', '❤️', '2025-06-25 11:10:58.075');
INSERT INTO public."Reaction" VALUES ('cb357568-024a-47a7-8edc-aca59ccfec08', 'cmcg3mpuf001ai63hhtriffji', 'cmc07kzz00000cu3zjqqszzdo', '🙏', '2025-06-28 10:29:22.14');
INSERT INTO public."Reaction" VALUES ('007a5a8f-abc3-4f00-8641-b424563a3dde', 'cmcg50t8n002ti63hpwury8a6', 'cmcg4yerv0026i63he8zdogcz', '😢', '2025-06-28 11:08:17.849');
INSERT INTO public."Reaction" VALUES ('22f5ea62-bc4d-40f8-86f1-a2d1771eeae6', 'cmcgve997000uf740hg2qz31o', 'cmcgvcbe5000sf7408wtnv8wk', '😃', '2025-06-28 23:26:54.904');
INSERT INTO public."Reaction" VALUES ('3d671f2d-d47e-4ee4-a2a5-684ea59de28e', 'cmck9xhn8001gf740b9ueyu46', 'cmc07kzz00000cu3zjqqszzdo', '😫', '2025-07-01 08:37:00.772');
INSERT INTO public."Reaction" VALUES ('50b3862a-6b87-4546-a16b-281e933c1254', 'cmcsxtpxo000hfs3zeh0f2nln', 'cmcso19co0000fs3z9dsofzy9', '❤️', '2025-07-07 10:07:54.425');
INSERT INTO public."Reaction" VALUES ('acd9bdde-8032-4caa-8e73-69ff64dbceda', 'cmcsxujcn000jfs3z93pn01zr', 'cmcsov99q0001fs3zv2085qet', '🐉', '2025-07-07 10:08:43.631');
INSERT INTO public."Reaction" VALUES ('8fb4f56f-671b-4534-af99-9a42c8230837', 'cmcsxwklu000pfs3zo8qr2pi9', 'cmcso19co0000fs3z9dsofzy9', '❤️', '2025-07-07 10:10:05.897');
INSERT INTO public."Reaction" VALUES ('615c063d-aad3-4ac7-99a7-ee6be0fbbe58', 'cmcsxx9zi000rfs3zoq7nnqt5', 'cmcso19co0000fs3z9dsofzy9', '👾', '2025-07-07 10:12:07.398');
INSERT INTO public."Reaction" VALUES ('29dd9c57-55bc-40ef-aaf7-4060049ee4f8', 'cmcsxzz4s000vfs3zwjizji96', 'cmcso19co0000fs3z9dsofzy9', '🍆', '2025-07-07 10:12:51.318');
INSERT INTO public."Reaction" VALUES ('d7583630-f434-480f-8f13-3c525419c9c6', 'cmcsxzz4s000vfs3zwjizji96', 'cmcsov99q0001fs3zv2085qet', '👾', '2025-07-07 10:22:50.216');
INSERT INTO public."Reaction" VALUES ('f3a3247e-183e-409d-a207-dca4582f1742', 'cmchxxm8n0018f740boq8fd6j', 'cmct0grzf000wfs3zk9ue41bq', '👍', '2025-07-07 11:24:57.988');
INSERT INTO public."Reaction" VALUES ('ae3bbd02-2105-48b3-bb05-5f67d9ff0caf', 'cmchjwche0013f740oooeonu3', 'cmct0grzf000wfs3zk9ue41bq', '🫠', '2025-07-07 11:25:39.706');
INSERT INTO public."Reaction" VALUES ('c9029416-f209-4e19-824d-b9d3b7bb5d15', 'cmct0l9n20012fs3zz2qnauvs', 'cmct0grzf000wfs3zk9ue41bq', '😢', '2025-07-07 11:25:49.191');
INSERT INTO public."Reaction" VALUES ('5d467cbe-c5f7-413f-957c-a24b4ccdae4e', 'cmct0jfgr0010fs3z9lvnw7jm', 'cmcsov99q0001fs3zv2085qet', '👾', '2025-07-09 16:23:13.758');
INSERT INTO public."Reaction" VALUES ('6bc2d32e-ed3f-4d9d-8b0b-cf74a0106174', 'cmd71zh11000bg23i9uzzya0s', 'cmcsov99q0001fs3zv2085qet', '😢', '2025-07-17 07:13:10.145');
INSERT INTO public."Reaction" VALUES ('a006c3fc-7713-4695-86e1-3ab784919a2d', 'cmd7ecvaw000dg23ik8eexsps', 'cmcsov99q0001fs3zv2085qet', '❤️', '2025-07-17 12:59:28.836');
INSERT INTO public."Reaction" VALUES ('4c41684b-690f-42d0-8957-eebc99d5c092', 'cmd7gtb940001fk3za53kjd75', 'cmcso19co0000fs3z9dsofzy9', '😡', '2025-07-17 14:08:16.191');
INSERT INTO public."Reaction" VALUES ('1b4fbd24-6913-41c6-aade-6bb34ca68cc0', 'cmd7j41is0004fk3zah3t4zqc', 'cmcsov99q0001fs3zv2085qet', '👾', '2025-07-17 15:12:34.327');
INSERT INTO public."Reaction" VALUES ('263b1f11-42e5-43e7-866d-49f9f23ae344', 'cmd71qw3h0009g23ihn6yqbf4', 'cmcsov99q0001fs3zv2085qet', '❤️', '2025-07-17 15:13:19.318');
INSERT INTO public."Reaction" VALUES ('5e1fadd8-e20f-46a4-8519-d58d512f4ca3', 'cmd71owsy0003g23i2kn3welm', 'cmcsov99q0001fs3zv2085qet', '🐉', '2025-07-17 15:23:15.507');
INSERT INTO public."Reaction" VALUES ('95324547-f0b2-4280-92af-eb26db7cc918', 'cmd7p8oyi0006fk3z2r7fzzkp', 'cmcso19co0000fs3z9dsofzy9', '✊', '2025-07-17 18:08:35.207');
INSERT INTO public."Reaction" VALUES ('f40e2e6d-879e-4ab0-b718-c85c10d5e051', 'cmd71p94j0007g23i11w5qpwq', 'cmcsov99q0001fs3zv2085qet', '😇', '2025-07-18 02:37:48.409');
INSERT INTO public."Reaction" VALUES ('0a15b01f-e9b9-4b4e-9762-09005e4b42ea', 'cmd8aav7a0008fk3ze1ff879u', 'cmcsov99q0001fs3zv2085qet', '🍆', '2025-07-18 03:53:44.857');
INSERT INTO public."Reaction" VALUES ('9c4140b9-9344-4dd7-87b3-e02cccef012e', 'cmd8aav7a0008fk3ze1ff879u', 'cmcso19co0000fs3z9dsofzy9', '👾', '2025-07-27 16:49:23.297');
INSERT INTO public."Reaction" VALUES ('a15d2fbb-9da0-402d-b1cc-456fa53a6de5', 'cmdlx1n7u0001ho3hl1nndvgj', 'cmcsov99q0001fs3zv2085qet', '❤️', '2025-07-27 16:51:20.441');
INSERT INTO public."Reaction" VALUES ('8def3272-7972-4eed-bd08-aaa6acc68a26', 'cmdlx1n7u0001ho3hl1nndvgj', 'cmcso19co0000fs3z9dsofzy9', '🙏', '2025-07-27 16:51:50.884');
INSERT INTO public."Reaction" VALUES ('f526fe27-aab4-4ccd-b8fe-e5646c487678', 'cmdo15via0003ho3hijupzteq', 'cmcso19co0000fs3z9dsofzy9', '🤓', '2025-07-29 04:22:16.162');
INSERT INTO public."Reaction" VALUES ('b9b7b84d-978a-4d96-be34-7607a6d426f5', 'cmdo15via0003ho3hijupzteq', 'cmcsov99q0001fs3zv2085qet', '💣', '2025-07-29 04:24:26.945');
INSERT INTO public."Reaction" VALUES ('04aa8dbd-4817-4350-8c57-9d4af0b41687', 'cmdo1a4460005ho3hhpihf1pf', 'cmcsov99q0001fs3zv2085qet', '🙏', '2025-07-29 04:25:29.108');
INSERT INTO public."Reaction" VALUES ('b2e72826-e000-4bc7-a0e8-20b432ae2f60', 'cmdo1a4460005ho3hhpihf1pf', 'cmcso19co0000fs3z9dsofzy9', '🥳', '2025-07-29 04:28:42.926');
INSERT INTO public."Reaction" VALUES ('5d223a52-e86c-45c2-94d9-716a1ad0657c', 'cmdtrdgdz0007ho3hzs0z8rb8', 'cmcso19co0000fs3z9dsofzy9', '👍', '2025-08-02 04:34:49.025');
INSERT INTO public."Reaction" VALUES ('e15ec10a-637a-47fb-a9e9-6ea05a815a01', 'cmdtrdgdz0007ho3hzs0z8rb8', 'cmcsov99q0001fs3zv2085qet', '🐉', '2025-08-02 04:47:03.496');
INSERT INTO public."Reaction" VALUES ('5d79de1c-ae4c-4d1d-8677-8fb6cf2966b8', 'cmdtrughs0009ho3h3aqrs42u', 'cmcsov99q0001fs3zv2085qet', '🥂', '2025-08-02 04:48:50.903');
INSERT INTO public."Reaction" VALUES ('b8ec6d8b-2890-42a3-9eb6-6838466c08bf', 'cme9v7d2k0005ho3hqd1dpgya', 'cmcsov99q0001fs3zv2085qet', '🫵', '2025-08-13 11:06:23.639');
INSERT INTO public."Reaction" VALUES ('27d24cea-5f31-4ba1-8a0c-185db8ad4c6d', 'cme9v6zxv0001ho3hefwrjnvl', 'cmcsov99q0001fs3zv2085qet', '🥂', '2025-08-13 11:06:45.226');
INSERT INTO public."Reaction" VALUES ('c2022fa1-708d-4243-a8d0-f42112281530', 'cme9v7qcl0007ho3hyx0m0kmp', 'cmcsov99q0001fs3zv2085qet', '❤️', '2025-09-21 11:22:34.968');
INSERT INTO public."Reaction" VALUES ('ebfef72e-57db-455a-9434-44d681d17e0a', 'cmg7s7ru2000bga3iqoomwufk', 'cmcsov99q0001fs3zv2085qet', '🙏', '2025-10-01 09:26:28.11');
INSERT INTO public."Reaction" VALUES ('f6fa587a-70f1-42a5-8367-4a621de78960', 'cmg7w2ilb0007ga3hmamayo2m', 'cmcsov99q0001fs3zv2085qet', '❤️', '2025-10-01 11:14:22.837');
INSERT INTO public."Reaction" VALUES ('85e9b484-9f79-48a4-bf8f-9815879377df', 'cmgb4blu60003f42p4t5mqr63', 'cmcsov99q0001fs3zv2085qet', '🫵', '2025-10-03 17:28:48.974');


--
-- PostgreSQL database dump complete
--

\unrestrict aGWE8WDoffeIWtUbszqFf9mtPdONfYoZVZgdMTGDiFUT4g8OpjTktiH3tmWa5In

